Racket; fibonacci-sequence ; 428.140991210937500000 ; 216.867309570312500000 ; 0.000976562500000000 ; 52.452209472656250000 ;  21709.1 
Racket; fibonacci-sequence ; 429.968872070312500000 ; 218.782165527343750000 ; 0.000000000000000000 ; 52.153869628906250000 ;  21585.9 
Racket; fibonacci-sequence ; 432.791687011718750000 ; 220.284301757812500000 ; 0.001037597656250000 ; 52.234313964843750000 ;  21618 
Racket; fibonacci-sequence ; 440.562561035156250000 ; 224.159851074218750000 ; 0.000000000000000000 ; 52.246215820312500000 ;  21623.4 
Racket; fibonacci-sequence ; 439.878479003906250000 ; 224.214721679687500000 ; 0.001098632812500000 ; 52.161315917968750000 ;  21588.5 
Racket; fibonacci-sequence ; 442.137329101562500000 ; 225.345581054687500000 ; 0.000000000000000000 ; 52.367187500000000000 ;  21674.1 
Racket; fibonacci-sequence ; 439.920776367187500000 ; 224.317260742187500000 ; 0.001159667968750000 ; 52.127380371093750000 ;  21574.3 
Racket; fibonacci-sequence ; 441.105590820312500000 ; 224.913085937500000000 ; 0.000000000000000000 ; 52.226745605468750000 ;  21615.8 
Racket; fibonacci-sequence ; 441.547485351562500000 ; 225.122863769531250000 ; 0.001159667968750000 ; 52.301940917968750000 ;  21646.9 
Racket; fibonacci-sequence ; 441.162414550781250000 ; 224.900573730468750000 ; 0.000000000000000000 ; 52.282653808593750000 ;  21638.2 
Go; fibonacci-sequence ; 230.497070312500000000 ; 120.763854980468750000 ; 0.000000000000000000 ; 27.082397460937500000 ;  11209.2 
Go; fibonacci-sequence ; 235.287231445312500000 ; 123.533935546875000000 ; 0.000000000000000000 ; 26.979858398437500000 ;  11168.1 
Go; fibonacci-sequence ; 234.665222167968750000 ; 123.254638671875000000 ; 0.000000000000000000 ; 26.984924316406250000 ;  11169.1 
Go; fibonacci-sequence ; 235.450988769531250000 ; 123.631591796875000000 ; 0.001159667968750000 ; 26.979736328125000000 ;  11168 
Go; fibonacci-sequence ; 236.193481445312500000 ; 124.029235839843750000 ; 0.000000000000000000 ; 26.982360839843750000 ;  11168.1 
Go; fibonacci-sequence ; 235.990478515625000000 ; 123.961853027343750000 ; 0.000000000000000000 ; 26.979858398437500000 ;  11168.1 
Go; fibonacci-sequence ; 236.168334960937500000 ; 124.034057617187500000 ; 0.000000000000000000 ; 26.982299804687500000 ;  11168.1 
Go; fibonacci-sequence ; 236.572937011718750000 ; 124.275146484375000000 ; 0.001159667968750000 ; 26.979797363281250000 ;  11168.3 
Go; fibonacci-sequence ; 234.391601562500000000 ; 123.248596191406250000 ; 0.000000000000000000 ; 26.979858398437500000 ;  11167.8 
Go; fibonacci-sequence ; 236.252197265625000000 ; 124.402709960937500000 ; 0.000000000000000000 ; 26.984680175781250000 ;  11169.3 
Ruby; fibonacci-sequence ; 0.521850585937500000 ; 0.146362304687500000 ; 0.000000000000000000 ; 0.117919921875000000 ;  48.677 
Ruby; fibonacci-sequence ; 0.463623046875000000 ; 0.222534179687500000 ; 0.000000000000000000 ; 0.066833496093750000 ;  26.888 
Ruby; fibonacci-sequence ; 0.500915527343750000 ; 0.266723632812500000 ; 0.000000000000000000 ; 0.059448242187500000 ;  23.688 
Ruby; fibonacci-sequence ; 0.501770019531250000 ; 0.269104003906250000 ; 0.000000000000000000 ; 0.056823730468750000 ;  23.635 
Ruby; fibonacci-sequence ; 0.501037597656250000 ; 0.265808105468750000 ; 0.000000000000000000 ; 0.059570312500000000 ;  23.823 
Ruby; fibonacci-sequence ; 0.488769531250000000 ; 0.258789062500000000 ; 0.000000000000000000 ; 0.059570312500000000 ;  23.693 
Ruby; fibonacci-sequence ; 0.502746582031250000 ; 0.267517089843750000 ; 0.000000000000000000 ; 0.059448242187500000 ;  23.866 
Ruby; fibonacci-sequence ; 0.483764648437500000 ; 0.257324218750000000 ; 0.000000000000000000 ; 0.056762695312500000 ;  23.751 
Ruby; fibonacci-sequence ; 0.504028320312500000 ; 0.269226074218750000 ; 0.000000000000000000 ; 0.059509277343750000 ;  23.739 
Ruby; fibonacci-sequence ; 0.504516601562500000 ; 0.268249511718750000 ; 0.000000000000000000 ; 0.059570312500000000 ;  23.801 
Swift; fibonacci-sequence ; 202.893676757812500000 ; 108.852233886718750000 ; 0.000000000000000000 ; 25.383422851562500000 ;  10505.8 
Swift; fibonacci-sequence ; 204.604980468750000000 ; 111.471191406250000000 ; 0.000976562500000000 ; 24.871093750000000000 ;  10294.9 
Swift; fibonacci-sequence ; 210.413940429687500000 ; 115.701782226562500000 ; 0.000000000000000000 ; 24.873535156250000000 ;  10295.8 
Swift; fibonacci-sequence ; 205.261718750000000000 ; 111.921203613281250000 ; 0.000000000000000000 ; 24.870910644531250000 ;  10294.9 
Swift; fibonacci-sequence ; 208.920898437500000000 ; 113.446044921875000000 ; 0.000000000000000000 ; 24.873474121093750000 ;  10295.5 
Swift; fibonacci-sequence ; 206.218933105468750000 ; 111.850830078125000000 ; 0.001098632812500000 ; 24.868530273437500000 ;  10293.7 
Swift; fibonacci-sequence ; 209.041992187500000000 ; 113.487792968750000000 ; 0.000000000000000000 ; 24.870971679687500000 ;  10294.3 
Swift; fibonacci-sequence ; 210.011474609375000000 ; 114.109924316406250000 ; 0.000000000000000000 ; 24.873413085937500000 ;  10295.9 
Swift; fibonacci-sequence ; 208.603881835937500000 ; 113.264953613281250000 ; 0.000000000000000000 ; 24.871154785156250000 ;  10294 
Swift; fibonacci-sequence ; 209.906433105468750000 ; 114.010864257812500000 ; 0.001098632812500000 ; 24.868469238281250000 ;  10293.8 
JavaScript; fibonacci-sequence ; 473.904602050781250000 ; 256.518554687500000000 ; 0.001037597656250000 ; 54.126525878906250000 ;  22403.2 
JavaScript; fibonacci-sequence ; 473.604614257812500000 ; 256.944030761718750000 ; 0.001098632812500000 ; 53.966491699218750000 ;  22336.2 
JavaScript; fibonacci-sequence ; 473.984680175781250000 ; 257.455261230468750000 ; 0.000000000000000000 ; 54.007995605468750000 ;  22352.7 
JavaScript; fibonacci-sequence ; 473.878234863281250000 ; 257.142333984375000000 ; 0.001159667968750000 ; 54.002685546875000000 ;  22351.5 
JavaScript; fibonacci-sequence ; 473.727600097656250000 ; 257.134277343750000000 ; 0.000000000000000000 ; 53.980834960937500000 ;  22342.4 
JavaScript; fibonacci-sequence ; 473.810485839843750000 ; 257.187988281250000000 ; 0.001159667968750000 ; 53.988586425781250000 ;  22344.6 
JavaScript; fibonacci-sequence ; 473.773010253906250000 ; 257.366516113281250000 ; 0.000000000000000000 ; 53.980895996093750000 ;  22342.3 
JavaScript; fibonacci-sequence ; 473.821166992187500000 ; 256.894836425781250000 ; 0.001098632812500000 ; 53.985778808593750000 ;  22344.3 
JavaScript; fibonacci-sequence ; 473.809997558593750000 ; 256.740295410156250000 ; 0.000000000000000000 ; 53.983459472656250000 ;  22343.4 
JavaScript; fibonacci-sequence ; 476.502868652343750000 ; 258.800781250000000000 ; 0.001159667968750000 ; 54.027038574218750000 ;  22361.1 
Java; FibonacciSequence ; 169.359680175781250000 ; 87.492431640625000000 ; 0.000000000000000000 ; 20.164794921875000000 ;  8342.58 
Java; FibonacciSequence ; 169.760192871093750000 ; 87.922546386718750000 ; 0.000000000000000000 ; 20.099853515625000000 ;  8316.69 
Java; FibonacciSequence ; 169.523620605468750000 ; 87.821960449218750000 ; 0.000000000000000000 ; 20.075500488281250000 ;  8305.53 
Java; FibonacciSequence ; 173.516357421875000000 ; 90.827148437500000000 ; 0.001220703125000000 ; 20.297180175781250000 ;  8387.28 
Java; FibonacciSequence ; 169.605163574218750000 ; 88.051147460937500000 ; 0.000000000000000000 ; 20.076782226562500000 ;  8306.75 
Java; FibonacciSequence ; 170.884338378906250000 ; 88.875427246093750000 ; 0.000000000000000000 ; 20.232116699218750000 ;  8371.42 
Java; FibonacciSequence ; 169.106750488281250000 ; 87.689697265625000000 ; 0.000000000000000000 ; 20.070739746093750000 ;  8304.02 
Java; FibonacciSequence ; 169.535217285156250000 ; 87.916381835937500000 ; 0.000000000000000000 ; 20.072204589843750000 ;  8305.13 
Java; FibonacciSequence ; 169.531616210937500000 ; 87.902587890625000000 ; 0.001159667968750000 ; 20.072265625000000000 ;  8305.09 
Java; FibonacciSequence ; 169.524108886718750000 ; 87.901367187500000000 ; 0.000000000000000000 ; 20.074523925781250000 ;  8306.1 
Chapel; fibonacci-sequence ; 130.260192871093750000 ; 69.359313964843750000 ; 0.000000000000000000 ; 15.035644531250000000 ;  6218.56 
Chapel; fibonacci-sequence ; 129.722656250000000000 ; 69.480834960937500000 ; 0.000000000000000000 ; 14.783020019531250000 ;  6115.66 
Chapel; fibonacci-sequence ; 129.794311523437500000 ; 69.525817871093750000 ; 0.000000000000000000 ; 14.792663574218750000 ;  6117.47 
Chapel; fibonacci-sequence ; 130.323608398437500000 ; 69.882019042968750000 ; 0.000000000000000000 ; 14.781860351562500000 ;  6115.87 
Chapel; fibonacci-sequence ; 129.743469238281250000 ; 69.503479003906250000 ; 0.001098632812500000 ; 14.786499023437500000 ;  6114.29 
Chapel; fibonacci-sequence ; 129.719726562500000000 ; 69.497131347656250000 ; 0.000000000000000000 ; 14.780395507812500000 ;  6114.52 
Chapel; fibonacci-sequence ; 129.713867187500000000 ; 69.487365722656250000 ; 0.000000000000000000 ; 14.781005859375000000 ;  6114.2 
Chapel; fibonacci-sequence ; 129.872375488281250000 ; 69.568420410156250000 ; 0.000000000000000000 ; 14.802368164062500000 ;  6121.59 
Chapel; fibonacci-sequence ; 129.731201171875000000 ; 69.500610351562500000 ; 0.000000000000000000 ; 14.784423828125000000 ;  6114.67 
Chapel; fibonacci-sequence ; 129.676208496093750000 ; 69.463134765625000000 ; 0.000000000000000000 ; 14.777221679687500000 ;  6113.83 
Haskell; fibonacci-sequence ; 3069.579650878906250000 ; 1714.438293457031250000 ; 0.004394531250000000 ; 345.383483886718750000 ;  142961 
Haskell; fibonacci-sequence ; 3083.485961914062500000 ; 1724.022521972656250000 ; 0.003356933593750000 ; 346.366149902343750000 ;  143369 
Haskell; fibonacci-sequence ; 3092.843383789062500000 ; 1731.534240722656250000 ; 0.003356933593750000 ; 347.175598144531250000 ;  143704 
Haskell; fibonacci-sequence ; 3077.155761718750000000 ; 1720.523681640625000000 ; 0.004577636718750000 ; 345.564941406250000000 ;  143037 
Haskell; fibonacci-sequence ; 3079.688415527343750000 ; 1720.885742187500000000 ; 0.003601074218750000 ; 344.660400390625000000 ;  142663 
Haskell; fibonacci-sequence ; 3073.338989257812500000 ; 1716.992797851562500000 ; 0.003479003906250000 ; 344.905517578125000000 ;  142765 
Haskell; fibonacci-sequence ; 3084.912780761718750000 ; 1726.869689941406250000 ; 0.004699707031250000 ; 346.135681152343750000 ;  143273 
Haskell; fibonacci-sequence ; 3078.445983886718750000 ; 1718.771728515625000000 ; 0.003479003906250000 ; 345.716674804687500000 ;  143100 
Haskell; fibonacci-sequence ; 3078.328552246093750000 ; 1719.155639648437500000 ; 0.003417968750000000 ; 346.002319335937500000 ;  143219 
Haskell; fibonacci-sequence ; 3098.599731445312500000 ; 1735.796630859375000000 ; 0.004333496093750000 ; 347.363159179687500000 ;  143782 
Perl; fibonacci-sequence ; 21414.087036132812500000 ; 11914.423522949218750000 ; 0.026794433593750000 ; 2435.173156738281250000 ;  1.00797E+06 
Perl; fibonacci-sequence ; 21410.195434570312500000 ; 11916.107543945312500000 ; 0.026916503906250000 ; 2437.801513671875000000 ;  1.00907E+06 
Perl; fibonacci-sequence ; 21383.084899902343750000 ; 11899.977844238281250000 ; 0.025939941406250000 ; 2434.544860839843750000 ;  1.00771E+06 
Perl; fibonacci-sequence ; 21554.097534179687500000 ; 11975.398132324218750000 ; 0.026672363281250000 ; 2454.680175781250000000 ;  1.01605E+06 
Perl; fibonacci-sequence ; 21404.432006835937500000 ; 11924.016235351562500000 ; 0.025451660156250000 ; 2433.595886230468750000 ;  1.00733E+06 
Perl; fibonacci-sequence ; 21481.612915039062500000 ; 11948.771545410156250000 ; 0.026733398437500000 ; 2445.438232421875000000 ;  1.01222E+06 
Perl; fibonacci-sequence ; 21405.015441894531250000 ; -250240.826416015625000000 ; 0.026489257812500000 ; 2434.241516113281250000 ;  1.00759E+06 
Perl; fibonacci-sequence ; 21413.398803710937500000 ; 11914.226867675781250000 ; 0.026000976562500000 ; 2436.347839355468750000 ;  1.00846E+06 
Perl; fibonacci-sequence ; -240638.150451660156250000 ; 11951.579467773437500000 ; 0.028930664062500000 ; 2445.147888183593750000 ;  1.01211E+06 
Perl; fibonacci-sequence ; 21640.138549804687500000 ; 12017.435913085937500000 ; 0.026672363281250000 ; 2454.672485351562500000 ;  1.01604E+06 
OCaml; fibonacci ; 168.449584960937500000 ; 82.651062011718750000 ; 0.000000000000000000 ; 21.197937011718750000 ;  8774.39 
OCaml; fibonacci ; 167.434204101562500000 ; 83.178771972656250000 ; 0.000000000000000000 ; 20.606689453125000000 ;  8529.92 
OCaml; fibonacci ; 170.598144531250000000 ; 86.723815917968750000 ; 0.000000000000000000 ; 20.609069824218750000 ;  8530.36 
OCaml; fibonacci ; 172.933227539062500000 ; 88.792297363281250000 ; 0.000000000000000000 ; 20.611511230468750000 ;  8531.59 
OCaml; fibonacci ; 172.895935058593750000 ; 86.507324218750000000 ; 0.001220703125000000 ; 20.621032714843750000 ;  8535.97 
OCaml; fibonacci ; 167.394226074218750000 ; 83.203613281250000000 ; 0.000000000000000000 ; 20.609008789062500000 ;  8529.88 
OCaml; fibonacci ; 168.898437500000000000 ; 84.116943359375000000 ; 0.000000000000000000 ; 20.611328125000000000 ;  8531.7 
OCaml; fibonacci ; 168.676208496093750000 ; 83.938659667968750000 ; 0.000000000000000000 ; 20.609008789062500000 ;  8530.41 
OCaml; fibonacci ; 167.379028320312500000 ; 83.208984375000000000 ; 0.000000000000000000 ; 20.606567382812500000 ;  8530.13 
OCaml; fibonacci ; 167.400634765625000000 ; 83.171569824218750000 ; 0.001220703125000000 ; 20.609008789062500000 ;  8529.9 
Fortran; fibonacci ; 289.190612792968750000 ; 147.996704101562500000 ; 0.000000000000000000 ; 35.816589355468750000 ;  14824.8 
Fortran; fibonacci ; 288.804992675781250000 ; 148.220153808593750000 ; 0.000000000000000000 ; 35.590637207031250000 ;  14731.7 
Fortran; fibonacci ; 292.998901367187500000 ; 150.921264648437500000 ; 0.001159667968750000 ; 35.595336914062500000 ;  14733.6 
Fortran; fibonacci ; 291.891113281250000000 ; 150.643432617187500000 ; 0.000000000000000000 ; 35.595397949218750000 ;  14734.7 
Fortran; fibonacci ; 288.900207519531250000 ; 148.238403320312500000 ; 0.000000000000000000 ; 35.593017578125000000 ;  14732.4 
Fortran; fibonacci ; 288.851501464843750000 ; 148.247619628906250000 ; 0.001159667968750000 ; 35.590515136718750000 ;  14731.6 
Fortran; fibonacci ; 288.784423828125000000 ; 148.237121582031250000 ; 0.000000000000000000 ; 35.590393066406250000 ;  14731.5 
Fortran; fibonacci ; 288.854125976562500000 ; 148.678283691406250000 ; 0.000000000000000000 ; 35.597778320312500000 ;  14735.3 
Fortran; fibonacci ; 288.791015625000000000 ; 148.208557128906250000 ; 0.001098632812500000 ; 35.590454101562500000 ;  14731.7 
Fortran; fibonacci ; 298.678527832031250000 ; 158.913818359375000000 ; 0.000000000000000000 ; 35.590454101562500000 ;  14732 
C; fibonacci-sequence ; 0.008972167968750000 ; 0.001708984375000000 ; 0.000000000000000000 ; 0.002441406250000000 ;  1.265 
C; fibonacci-sequence ; 0.008972167968750000 ; 0.001831054687500000 ; 0.000000000000000000 ; 0.002563476562500000 ;  1.054 
C; fibonacci-sequence ; 0.009094238281250000 ; 0.002319335937500000 ; 0.000000000000000000 ; 0.002441406250000000 ;  0.961 
C; fibonacci-sequence ; 0.010314941406250000 ; 0.003051757812500000 ; 0.000000000000000000 ; 0.002441406250000000 ;  0.794 
C; fibonacci-sequence ; 0.011291503906250000 ; 0.003723144531250000 ; 0.000000000000000000 ; 0.002441406250000000 ;  0.812 
C; fibonacci-sequence ; 0.012329101562500000 ; 0.004028320312500000 ; 0.000000000000000000 ; 0.002441406250000000 ;  0.729 
C; fibonacci-sequence ; 0.012939453125000000 ; 0.004577636718750000 ; 0.000000000000000000 ; 0.002563476562500000 ;  0.775 
C; fibonacci-sequence ; 0.000000000000000000 ; 0.000000000000000000 ; 0.000000000000000000 ; 0.000000000000000000 ;  0.74 
C; fibonacci-sequence ; 0.012939453125000000 ; 0.004455566406250000 ; 0.000000000000000000 ; 0.002380371093750000 ;  0.754 
C; fibonacci-sequence ; 0.012390136718750000 ; 0.004028320312500000 ; 0.000000000000000000 ; 0.002441406250000000 ;  0.735 
Pascal; fibonacci-sequence-2 ; 232.206115722656250000 ; 122.454895019531250000 ; 0.001098632812500000 ; 28.687133789062500000 ;  11874.4 
Pascal; fibonacci-sequence-2 ; 232.161926269531250000 ; 122.691955566406250000 ; 0.000000000000000000 ; 28.544128417968750000 ;  11814.7 
Pascal; fibonacci-sequence-2 ; 236.038818359375000000 ; 126.936706542968750000 ; 0.000000000000000000 ; 28.544067382812500000 ;  11815 
Pascal; fibonacci-sequence-2 ; 235.618408203125000000 ; 126.732421875000000000 ; 0.000000000000000000 ; 28.553710937500000000 ;  11819.5 
Pascal; fibonacci-sequence-2 ; 231.707275390625000000 ; 122.523437500000000000 ; 0.001098632812500000 ; 28.541687011718750000 ;  11814.3 
Pascal; fibonacci-sequence-2 ; 231.800231933593750000 ; 122.710327148437500000 ; 0.000000000000000000 ; 28.546447753906250000 ;  11815.9 
Pascal; fibonacci-sequence-2 ; 231.817077636718750000 ; 122.525085449218750000 ; 0.000000000000000000 ; 28.531921386718750000 ;  11810 
Pascal; fibonacci-sequence-2 ; 232.015502929687500000 ; 122.615478515625000000 ; 0.001037597656250000 ; 28.541625976562500000 ;  11814.5 
Pascal; fibonacci-sequence-2 ; 232.993835449218750000 ; 123.205749511718750000 ; 0.000000000000000000 ; 28.585266113281250000 ;  11832.1 
Pascal; fibonacci-sequence-2 ; 232.341064453125000000 ; 122.819396972656250000 ; 0.000000000000000000 ; 28.544006347656250000 ;  11814.2 
Ada; fib ; 50.376708984375000000 ; 25.684875488281250000 ; 0.000000000000000000 ; 6.206665039062500000 ;  2569.49 
Ada; fib ; 50.227355957031250000 ; 26.240722656250000000 ; 0.000000000000000000 ; 5.954650878906250000 ;  2464.25 
Ada; fib ; 50.202087402343750000 ; 26.178649902343750000 ; 0.000000000000000000 ; 5.961730957031250000 ;  2468.04 
Ada; fib ; 49.940063476562500000 ; 26.044006347656250000 ; 0.000000000000000000 ; 5.968933105468750000 ;  2469.99 
Ada; fib ; 50.301086425781250000 ; 26.232543945312500000 ; 0.001159667968750000 ; 5.956787109375000000 ;  2466.22 
Ada; fib ; 50.247253417968750000 ; 26.207763671875000000 ; 0.000000000000000000 ; 5.956726074218750000 ;  2465.23 
Ada; fib ; 50.020202636718750000 ; 26.086853027343750000 ; 0.000000000000000000 ; 5.954467773437500000 ;  2465.25 
Ada; fib ; 50.300781250000000000 ; 26.284729003906250000 ; 0.000000000000000000 ; 5.959167480468750000 ;  2466.18 
Ada; fib ; 50.242187500000000000 ; 26.208740234375000000 ; 0.000000000000000000 ; 5.956787109375000000 ;  2466.02 
Ada; fib ; 50.255126953125000000 ; 26.215148925781250000 ; 0.000000000000000000 ; 5.961608886718750000 ;  2467.25 
Erlang; fib ; 1232.593688964843750000 ; 633.208801269531250000 ; 0.002075195312500000 ; 150.039733886718750000 ;  62102.9 
Erlang; fib ; 1243.235656738281250000 ; 637.481323242187500000 ; 0.001159667968750000 ; 150.179992675781250000 ;  62160.3 
Erlang; fib ; 1266.856872558593750000 ; 648.820251464843750000 ; 0.002380371093750000 ; 153.234252929687500000 ;  63423.3 
Erlang; fib ; 1253.525390625000000000 ; 642.221191406250000000 ; 0.001220703125000000 ; 149.943542480468750000 ;  62062.7 
Erlang; fib ; 1252.734375000000000000 ; 642.572204589843750000 ; 0.002441406250000000 ; 150.673889160156250000 ;  62365.1 
Erlang; fib ; 1263.502746582031250000 ; 649.301269531250000000 ; 0.001281738281250000 ; 150.030151367187500000 ;  62097.7 
Erlang; fib ; 1266.031250000000000000 ; 650.535827636718750000 ; 0.002563476562500000 ; 149.754821777343750000 ;  61984.1 
Erlang; fib ; 1279.708007812500000000 ; 657.780578613281250000 ; 0.001220703125000000 ; 151.011901855468750000 ;  62493.3 
Erlang; fib ; 1267.421936035156250000 ; 651.587280273437500000 ; 0.001281738281250000 ; 149.766601562500000000 ;  61989.2 
Erlang; fib ; 1303.875488281250000000 ; 669.615295410156250000 ; 0.002502441406250000 ; 154.484252929687500000 ;  63941.7 
Lisp; binary-trees ; 794.284362792968750000 ; 397.260253906250000000 ; 0.001098632812500000 ; 98.578002929687500000 ;  40801.5 
Lisp; binary-trees ; 796.353454589843750000 ; 402.260620117187500000 ; 0.001098632812500000 ; 97.624694824218750000 ;  40408.7 
Lisp; binary-trees ; 792.684387207031250000 ; 397.970275878906250000 ; 0.001159667968750000 ; 97.609985351562500000 ;  40401.3 
Lisp; binary-trees ; 792.774169921875000000 ; 398.548461914062500000 ; 0.001281738281250000 ; 97.603027343750000000 ;  40400.5 
Lisp; binary-trees ; 793.341064453125000000 ; 399.281799316406250000 ; 0.001098632812500000 ; 97.602722167968750000 ;  40399.2 
Lisp; binary-trees ; 792.835449218750000000 ; 399.121520996093750000 ; 0.001159667968750000 ; 97.619812011718750000 ;  40406.2 
Lisp; binary-trees ; 792.904724121093750000 ; 398.915283203125000000 ; 0.001159667968750000 ; 97.600158691406250000 ;  40399 
Lisp; binary-trees ; 794.706298828125000000 ; 399.636230468750000000 ; 0.001159667968750000 ; 97.602539062500000000 ;  40399.8 
Lisp; binary-trees ; 796.255859375000000000 ; 400.107971191406250000 ; 0.000000000000000000 ; 97.605224609375000000 ;  40400 
Lisp; binary-trees ; 798.293518066406250000 ; 403.979980468750000000 ; 0.001098632812500000 ; 97.602600097656250000 ;  40400 
Rust; fibonacci-sequence ; 95.213378906250000000 ; 49.501831054687500000 ; 0.000000000000000000 ; 11.527099609375000000 ;  4770.97 
Rust; fibonacci-sequence ; 95.161315917968750000 ; 50.010803222656250000 ; 0.000000000000000000 ; 11.328918457031250000 ;  4688.52 
Rust; fibonacci-sequence ; 95.657531738281250000 ; 50.234680175781250000 ; 0.000000000000000000 ; 11.350219726562500000 ;  4698.27 
Rust; fibonacci-sequence ; 95.646240234375000000 ; 50.263793945312500000 ; 0.000000000000000000 ; 11.355163574218750000 ;  4699.77 
Rust; fibonacci-sequence ; 95.747375488281250000 ; 50.301757812500000000 ; 0.000000000000000000 ; 11.354858398437500000 ;  4699.37 
Rust; fibonacci-sequence ; 95.844482421875000000 ; 50.362182617187500000 ; 0.000000000000000000 ; 11.366699218750000000 ;  4704.62 
Rust; fibonacci-sequence ; 95.670898437500000000 ; 50.281188964843750000 ; 0.000000000000000000 ; 11.342468261718750000 ;  4695.49 
Rust; fibonacci-sequence ; 99.996215820312500000 ; 54.125915527343750000 ; 0.001037597656250000 ; 11.352600097656250000 ;  4698.93 
Rust; fibonacci-sequence ; 95.691345214843750000 ; 50.313659667968750000 ; 0.000000000000000000 ; 11.328369140625000000 ;  4688.72 
Rust; fibonacci-sequence ; 95.711486816406250000 ; 50.313049316406250000 ; 0.000000000000000000 ; 11.335388183593750000 ;  4690.99 
Dart; fibonacci-sequence ; 383.568786621093750000 ; 204.895507812500000000 ; 0.000000000000000000 ; 44.822143554687500000 ;  18548.1 
Dart; fibonacci-sequence ; 383.828247070312500000 ; 205.221252441406250000 ; 0.001159667968750000 ; 44.846435546875000000 ;  18557.6 
Dart; fibonacci-sequence ; 380.505554199218750000 ; 203.604492187500000000 ; 0.000000000000000000 ; 44.765258789062500000 ;  18523.8 
Dart; fibonacci-sequence ; 385.899108886718750000 ; 206.589660644531250000 ; 0.000000000000000000 ; 44.763000488281250000 ;  18523.8 
Dart; fibonacci-sequence ; 385.497863769531250000 ; 206.380249023437500000 ; 0.001220703125000000 ; 44.763793945312500000 ;  18523.7 
Dart; fibonacci-sequence ; 383.316284179687500000 ; 205.164184570312500000 ; 0.000000000000000000 ; 44.770263671875000000 ;  18525 
Dart; fibonacci-sequence ; 390.143737792968750000 ; 209.285339355468750000 ; 0.001220703125000000 ; 44.771240234375000000 ;  18527.1 
Dart; fibonacci-sequence ; 392.189025878906250000 ; 210.481689453125000000 ; 0.000000000000000000 ; 44.770019531250000000 ;  18526.7 
Dart; fibonacci-sequence ; 388.365112304687500000 ; 207.963562011718750000 ; 0.001159667968750000 ; 44.769531250000000000 ;  18524.8 
Dart; fibonacci-sequence ; 390.601928710937500000 ; 209.583007812500000000 ; 0.000000000000000000 ; 44.770141601562500000 ;  18526.7 
C++; fibonacci-sequence ; 125.018310546875000000 ; 66.163085937500000000 ; 0.000000000000000000 ; 15.059387207031250000 ;  6234.18 
C++; fibonacci-sequence ; 124.989379882812500000 ; 66.799072265625000000 ; 0.000000000000000000 ; 14.795288085937500000 ;  6123.84 
C++; fibonacci-sequence ; 125.193420410156250000 ; 66.958740234375000000 ; 0.000000000000000000 ; 14.797607421875000000 ;  6124.94 
C++; fibonacci-sequence ; 126.381164550781250000 ; 67.544616699218750000 ; 0.000000000000000000 ; 14.797668457031250000 ;  6124.96 
C++; fibonacci-sequence ; 126.563781738281250000 ; 67.676940917968750000 ; 0.001098632812500000 ; 14.795104980468750000 ;  6124.18 
C++; fibonacci-sequence ; 128.975402832031250000 ; 70.977478027343750000 ; 0.000000000000000000 ; 14.807189941406250000 ;  6129.19 
C++; fibonacci-sequence ; 126.613403320312500000 ; 67.795043945312500000 ; 0.000000000000000000 ; 14.800048828125000000 ;  6125.74 
C++; fibonacci-sequence ; 128.341735839843750000 ; 68.735656738281250000 ; 0.000000000000000000 ; 14.795104980468750000 ;  6124.53 
C++; fibonacci-sequence ; 128.019775390625000000 ; 68.487731933593750000 ; 0.000000000000000000 ; 14.799926757812500000 ;  6125.23 
C++; fibonacci-sequence ; 127.819458007812500000 ; 68.376281738281250000 ; 0.000000000000000000 ; 14.795043945312500000 ;  6124.53 
Lua; fibonacci-sequence ; 5821.124450683593750000 ; 3039.589111328125000000 ; 0.007446289062500000 ; 686.788208007812500000 ;  284278 
Lua; fibonacci-sequence ; 5891.690612792968750000 ; 3086.428588867187500000 ; 0.009033203125000000 ; 687.066101074218750000 ;  284394 
Lua; fibonacci-sequence ; 5821.320434570312500000 ; 3049.157592773437500000 ; 0.007507324218750000 ; 687.287475585937500000 ;  284481 
Lua; fibonacci-sequence ; 6549.364440917968750000 ; 3389.792358398437500000 ; 0.010192871093750000 ; 775.581115722656250000 ;  321019 
Lua; fibonacci-sequence ; 5860.700622558593750000 ; 3061.946594238281250000 ; 0.008911132812500000 ; 692.402832031250000000 ;  286603 
Lua; fibonacci-sequence ; -256085.859252929687500000 ; 3156.267944335937500000 ; 0.008972167968750000 ; 716.807373046875000000 ;  296695 
Lua; fibonacci-sequence ; 5896.564331054687500000 ; 3085.860961914062500000 ; 0.007690429687500000 ; 685.201599121093750000 ;  283622 
Lua; fibonacci-sequence ; 6008.738708496093750000 ; 3140.160827636718750000 ; 0.008850097656250000 ; 708.191406250000000000 ;  293138 
Lua; fibonacci-sequence ; 5959.854797363281250000 ; 3119.116821289062500000 ; 0.008605957031250000 ; 703.426269531250000000 ;  291166 
Lua; fibonacci-sequence ; 5853.822753906250000000 ; 3063.913757324218750000 ; 0.007629394531250000 ; 685.925964355468750000 ;  283922 
PHP; fibonacci-sequence ; 3521.987548828125000000 ; 1885.667236328125000000 ; 0.004394531250000000 ; 413.638732910156250000 ;  171215 
PHP; fibonacci-sequence ; 3626.378417968750000000 ; 1948.285522460937500000 ; 0.004882812500000000 ; 413.309570312500000000 ;  171078 
PHP; fibonacci-sequence ; 3631.430419921875000000 ; 1952.225097656250000000 ; 0.004943847656250000 ; 413.389282226562500000 ;  171112 
PHP; fibonacci-sequence ; 3635.613220214843750000 ; 1953.500610351562500000 ; 0.004882812500000000 ; 413.778686523437500000 ;  171262 
PHP; fibonacci-sequence ; 3652.173950195312500000 ; 1960.464660644531250000 ; 0.004943847656250000 ; 416.121093750000000000 ;  172242 
PHP; fibonacci-sequence ; 3635.017639160156250000 ; 1955.027893066406250000 ; 0.005065917968750000 ; 413.706848144531250000 ;  171243 
PHP; fibonacci-sequence ; 3636.614257812500000000 ; 1957.548095703125000000 ; 0.004943847656250000 ; 413.350769042968750000 ;  171095 
PHP; fibonacci-sequence ; 3629.366760253906250000 ; 1950.355346679687500000 ; 0.005004882812500000 ; 413.471435546875000000 ;  171146 
PHP; fibonacci-sequence ; 3639.230957031250000000 ; 1954.039184570312500000 ; 0.005065917968750000 ; 414.554138183593750000 ;  171594 
PHP; fibonacci-sequence ; 3631.664062500000000000 ; 1950.316528320312500000 ; 0.005126953125000000 ; 413.517639160156250000 ;  171164 
