Racket; greatest_element_of_a_list ; 1.016174316406250000 ; 0.056945800781250000 ; 0.000000000000000000 ; 0.377990722656250000 ;  155.424 
Racket; greatest_element_of_a_list ; 0.158874511718750000 ; 0.027099609375000000 ; 0.000000000000000000 ; 0.049743652343750000 ;  20.318 
Racket; greatest_element_of_a_list ; 0.123718261718750000 ; 0.036682128906250000 ; 0.000000000000000000 ; 0.030212402343750000 ;  12.307 
Racket; greatest_element_of_a_list ; 0.129882812500000000 ; 0.059753417968750000 ; 0.000000000000000000 ; 0.020690917968750000 ;  8.004 
Racket; greatest_element_of_a_list ; 0.138977050781250000 ; 0.072875976562500000 ; 0.000000000000000000 ; 0.018249511718750000 ;  7.028 
Racket; greatest_element_of_a_list ; 0.141906738281250000 ; 0.075195312500000000 ; 0.000000000000000000 ; 0.018310546875000000 ;  6.941 
Racket; greatest_element_of_a_list ; 0.135437011718750000 ; 0.070983886718750000 ; 0.000000000000000000 ; 0.018188476562500000 ;  6.973 
Racket; greatest_element_of_a_list ; 0.145446777343750000 ; 0.076721191406250000 ; 0.000000000000000000 ; 0.018371582031250000 ;  7.082 
Racket; greatest_element_of_a_list ; 0.147644042968750000 ; 0.078613281250000000 ; 0.000000000000000000 ; 0.018127441406250000 ;  7.028 
Racket; greatest_element_of_a_list ; 0.149169921875000000 ; 0.079223632812500000 ; 0.000000000000000000 ; 0.018249511718750000 ;  7.052 
Racket; greatest_element_of_a_list ; 0.147155761718750000 ; 0.069702148437500000 ; 0.000000000000000000 ; 0.020812988281250000 ;  7.948 
Racket; greatest_element_of_a_list ; 0.128173828125000000 ; 0.060791015625000000 ; 0.000000000000000000 ; 0.018005371093750000 ;  7.8 
Racket; greatest_element_of_a_list ; 0.152038574218750000 ; 0.074523925781250000 ; 0.000000000000000000 ; 0.020812988281250000 ;  7.689 
Racket; greatest_element_of_a_list ; 0.151550292968750000 ; 0.075500488281250000 ; 0.000000000000000000 ; 0.020812988281250000 ;  7.493 
Racket; greatest_element_of_a_list ; 0.122497558593750000 ; 0.060058593750000000 ; 0.000000000000000000 ; 0.018005371093750000 ;  7.482 
Racket; greatest_element_of_a_list ; 0.131774902343750000 ; 0.066528320312500000 ; 0.000000000000000000 ; 0.018249511718750000 ;  7.331 
Racket; greatest_element_of_a_list ; 0.161376953125000000 ; 0.083679199218750000 ; 0.000000000000000000 ; 0.021057128906250000 ;  7.205 
Racket; greatest_element_of_a_list ; 0.131835937500000000 ; 0.067810058593750000 ; 0.000000000000000000 ; 0.018249511718750000 ;  7.087 
Racket; greatest_element_of_a_list ; 0.139648437500000000 ; 0.072143554687500000 ; 0.000000000000000000 ; 0.018249511718750000 ;  7.234 
Racket; greatest_element_of_a_list ; 0.135864257812500000 ; 0.070129394531250000 ; 0.000000000000000000 ; 0.018066406250000000 ;  7.133 
Racket; greatest_element_of_a_list ; 0.895629882812500000 ; 0.082824707031250000 ; 0.000000000000000000 ; 0.305480957031250000 ;  124.386 
Racket; greatest_element_of_a_list ; 0.130065917968750000 ; 0.044067382812500000 ; 0.000000000000000000 ; 0.028076171875000000 ;  10.956 
Racket; greatest_element_of_a_list ; 0.136596679687500000 ; 0.070617675781250000 ; 0.000000000000000000 ; 0.018127441406250000 ;  7.121 
Racket; greatest_element_of_a_list ; 0.145446777343750000 ; 0.077514648437500000 ; 0.000000000000000000 ; 0.018249511718750000 ;  7.077 
Racket; greatest_element_of_a_list ; 0.147644042968750000 ; 0.078552246093750000 ; 0.000000000000000000 ; 0.018188476562500000 ;  7.058 
Racket; greatest_element_of_a_list ; 0.138061523437500000 ; 0.072814941406250000 ; 0.000000000000000000 ; 0.018188476562500000 ;  6.866 
Racket; greatest_element_of_a_list ; 0.143371582031250000 ; 0.075073242187500000 ; 0.000000000000000000 ; 0.018310546875000000 ;  7.1 
Racket; greatest_element_of_a_list ; 0.138610839843750000 ; 0.072448730468750000 ; 0.000000000000000000 ; 0.018371582031250000 ;  7.236 
Racket; greatest_element_of_a_list ; 0.147155761718750000 ; 0.078369140625000000 ; 0.000000000000000000 ; 0.018493652343750000 ;  7.1 
Racket; greatest_element_of_a_list ; 0.137329101562500000 ; 0.071777343750000000 ; 0.000000000000000000 ; 0.018432617187500000 ;  7.008 
Go; greatest_element_of_a_list ; 0.692993164062500000 ; 0.043334960937500000 ; 0.000000000000000000 ; 0.254333496093750000 ;  101.649 
Go; greatest_element_of_a_list ; 0.070739746093750000 ; 0.031372070312500000 ; 0.000000000000000000 ; 0.013977050781250000 ;  4.519 
Go; greatest_element_of_a_list ; 0.074523925781250000 ; 0.035034179687500000 ; 0.000000000000000000 ; 0.013549804687500000 ;  4.07 
Go; greatest_element_of_a_list ; 0.094177246093750000 ; 0.051696777343750000 ; 0.000000000000000000 ; 0.014526367187500000 ;  3.716 
Go; greatest_element_of_a_list ; 0.091369628906250000 ; 0.049377441406250000 ; 0.000000000000000000 ; 0.014221191406250000 ;  3.742 
Go; greatest_element_of_a_list ; 0.064819335937500000 ; 0.034240722656250000 ; 0.000000000000000000 ; 0.011291503906250000 ;  3.704 
Go; greatest_element_of_a_list ; 0.091918945312500000 ; 0.049194335937500000 ; 0.000000000000000000 ; 0.014953613281250000 ;  3.793 
Go; greatest_element_of_a_list ; 0.093078613281250000 ; 0.050354003906250000 ; 0.000000000000000000 ; 0.014404296875000000 ;  3.775 
Go; greatest_element_of_a_list ; 0.094909667968750000 ; 0.050842285156250000 ; 0.000000000000000000 ; 0.014282226562500000 ;  3.754 
Go; greatest_element_of_a_list ; 0.068786621093750000 ; 0.036560058593750000 ; 0.000000000000000000 ; 0.010559082031250000 ;  3.745 
Go; greatest_element_of_a_list ; 0.084106445312500000 ; 0.014526367187500000 ; 0.000000000000000000 ; 0.029296875000000000 ;  9.858 
Go; greatest_element_of_a_list ; 0.078613281250000000 ; 0.017517089843750000 ; 0.000000000000000000 ; 0.024047851562500000 ;  8.047 
Go; greatest_element_of_a_list ; 0.074645996093750000 ; 0.018981933593750000 ; 0.000000000000000000 ; 0.021606445312500000 ;  7.094 
Go; greatest_element_of_a_list ; 0.067382812500000000 ; 0.018371582031250000 ; 0.000000000000000000 ; 0.018981933593750000 ;  6.701 
Go; greatest_element_of_a_list ; 0.082763671875000000 ; 0.023254394531250000 ; 0.000000000000000000 ; 0.021728515625000000 ;  6.498 
Go; greatest_element_of_a_list ; 0.068115234375000000 ; 0.018859863281250000 ; 0.000000000000000000 ; 0.019470214843750000 ;  6.476 
Go; greatest_element_of_a_list ; 0.081665039062500000 ; 0.023620605468750000 ; 0.000000000000000000 ; 0.022033691406250000 ;  6.3 
Go; greatest_element_of_a_list ; 0.071960449218750000 ; 0.022033691406250000 ; 0.000000000000000000 ; 0.019287109375000000 ;  6.03 
Go; greatest_element_of_a_list ; 0.061218261718750000 ; 0.019226074218750000 ; 0.000000000000000000 ; 0.017028808593750000 ;  5.724 
Go; greatest_element_of_a_list ; 0.078002929687500000 ; 0.026611328125000000 ; 0.000000000000000000 ; 0.019592285156250000 ;  5.508 
Go; greatest_element_of_a_list ; 1.021545410156250000 ; 0.071044921875000000 ; 0.000000000000000000 ; 0.336914062500000000 ;  135.796 
Go; greatest_element_of_a_list ; 0.081665039062500000 ; 0.034606933593750000 ; 0.000000000000000000 ; 0.016967773437500000 ;  4.829 
Go; greatest_element_of_a_list ; 0.069213867187500000 ; 0.029479980468750000 ; 0.000000000000000000 ; 0.014221191406250000 ;  4.38 
Go; greatest_element_of_a_list ; 0.089111328125000000 ; 0.046997070312500000 ; 0.000000000000000000 ; 0.015258789062500000 ;  3.77 
Go; greatest_element_of_a_list ; 0.093200683593750000 ; 0.050231933593750000 ; 0.000000000000000000 ; 0.015502929687500000 ;  3.797 
Go; greatest_element_of_a_list ; 0.092956542968750000 ; 0.049255371093750000 ; 0.000000000000000000 ; 0.014526367187500000 ;  3.821 
Go; greatest_element_of_a_list ; 0.072937011718750000 ; 0.044982910156250000 ; 0.000000000000000000 ; 0.011413574218750000 ;  3.726 
Go; greatest_element_of_a_list ; 0.095031738281250000 ; 0.052185058593750000 ; 0.000000000000000000 ; 0.014953613281250000 ;  3.7 
Go; greatest_element_of_a_list ; 0.088073730468750000 ; 0.046813964843750000 ; 0.000000000000000000 ; 0.014770507812500000 ;  3.735 
Go; greatest_element_of_a_list ; 0.065307617187500000 ; 0.034179687500000000 ; 0.000000000000000000 ; 0.011779785156250000 ;  3.692 
Ruby; greatest_element_of_a_list ; 2.152954101562500000 ; 0.137573242187500000 ; 0.000000000000000000 ; 0.770141601562500000 ;  317.19 
Ruby; greatest_element_of_a_list ; 0.453674316406250000 ; 0.213134765625000000 ; 0.000000000000000000 ; 0.069091796875000000 ;  28.193 
Ruby; greatest_element_of_a_list ; 0.451110839843750000 ; 0.237670898437500000 ; 0.000000000000000000 ; 0.056823730468750000 ;  23.82 
Ruby; greatest_element_of_a_list ; 0.451171875000000000 ; 0.237792968750000000 ; 0.000000000000000000 ; 0.059387207031250000 ;  23.684 
Ruby; greatest_element_of_a_list ; 0.469848632812500000 ; 0.247436523437500000 ; 0.000000000000000000 ; 0.059692382812500000 ;  23.798 
Ruby; greatest_element_of_a_list ; 0.470336914062500000 ; 0.247497558593750000 ; 0.000000000000000000 ; 0.059387207031250000 ;  23.809 
Ruby; greatest_element_of_a_list ; 0.450866699218750000 ; 0.237304687500000000 ; 0.000000000000000000 ; 0.056884765625000000 ;  23.747 
Ruby; greatest_element_of_a_list ; 0.470397949218750000 ; 0.247863769531250000 ; 0.000000000000000000 ; 0.059509277343750000 ;  23.844 
Ruby; greatest_element_of_a_list ; 0.470214843750000000 ; 0.247802734375000000 ; 0.000000000000000000 ; 0.059631347656250000 ;  23.837 
Ruby; greatest_element_of_a_list ; 0.496032714843750000 ; 0.263427734375000000 ; 0.000000000000000000 ; 0.059448242187500000 ;  23.716 
Ruby; greatest_element_of_a_list ; 0.527465820312500000 ; 0.106140136718750000 ; 0.000000000000000000 ; 0.146972656250000000 ;  60.139 
Ruby; greatest_element_of_a_list ; 0.438964843750000000 ; 0.194030761718750000 ; 0.000000000000000000 ; 0.069030761718750000 ;  28.524 
Ruby; greatest_element_of_a_list ; 0.471130371093750000 ; 0.246948242187500000 ; 0.000000000000000000 ; 0.059692382812500000 ;  23.809 
Ruby; greatest_element_of_a_list ; 0.474548339843750000 ; 0.249938964843750000 ; 0.000000000000000000 ; 0.059448242187500000 ;  23.896 
Ruby; greatest_element_of_a_list ; 0.477355957031250000 ; 0.251525878906250000 ; 0.000000000000000000 ; 0.059448242187500000 ;  23.908 
Ruby; greatest_element_of_a_list ; 0.466918945312500000 ; 0.247619628906250000 ; 0.000000000000000000 ; 0.057067871093750000 ;  23.646 
Ruby; greatest_element_of_a_list ; 0.465454101562500000 ; 0.246704101562500000 ; 0.000000000000000000 ; 0.056762695312500000 ;  23.844 
Ruby; greatest_element_of_a_list ; 0.486755371093750000 ; 0.257812500000000000 ; 0.000000000000000000 ; 0.059326171875000000 ;  23.758 
Ruby; greatest_element_of_a_list ; 0.489440917968750000 ; 0.259521484375000000 ; 0.000000000000000000 ; 0.059387207031250000 ;  23.792 
Ruby; greatest_element_of_a_list ; 0.480834960937500000 ; 0.253723144531250000 ; 0.000000000000000000 ; 0.059753417968750000 ;  23.88 
Ruby; greatest_element_of_a_list ; 1.938537597656250000 ; 0.171264648437500000 ; 0.000000000000000000 ; 0.649475097656250000 ;  265.923 
Ruby; greatest_element_of_a_list ; 0.450683593750000000 ; 0.220703125000000000 ; 0.000000000000000000 ; 0.064758300781250000 ;  26.192 
Ruby; greatest_element_of_a_list ; 0.486450195312500000 ; 0.257629394531250000 ; 0.000000000000000000 ; 0.059997558593750000 ;  23.707 
Ruby; greatest_element_of_a_list ; 0.456115722656250000 ; 0.240173339843750000 ; 0.000000000000000000 ; 0.057189941406250000 ;  23.544 
Ruby; greatest_element_of_a_list ; 0.474243164062500000 ; 0.249755859375000000 ; 0.000000000000000000 ; 0.059936523437500000 ;  23.749 
Ruby; greatest_element_of_a_list ; 0.456970214843750000 ; 0.240844726562500000 ; 0.000000000000000000 ; 0.057312011718750000 ;  23.588 
Ruby; greatest_element_of_a_list ; 0.538208007812500000 ; 0.288208007812500000 ; 0.000000000000000000 ; 0.059997558593750000 ;  23.931 
Ruby; greatest_element_of_a_list ; 0.481079101562500000 ; 0.253540039062500000 ; 0.000000000000000000 ; 0.060119628906250000 ;  23.845 
Ruby; greatest_element_of_a_list ; 0.492553710937500000 ; 0.260925292968750000 ; 0.000000000000000000 ; 0.060241699218750000 ;  23.777 
Ruby; greatest_element_of_a_list ; 0.503601074218750000 ; 0.267517089843750000 ; 0.000000000000000000 ; 0.060180664062500000 ;  23.791 
JavaScript; greatest_element_of_a_list ; 11.462158203125000000 ; 4.125793457031250000 ; 0.000000000000000000 ; 2.556274414062500000 ;  1001.12 
JavaScript; greatest_element_of_a_list ; 7.895019531250000000 ; 4.227722167968750000 ; 0.000000000000000000 ; 1.069458007812500000 ;  389.951 
JavaScript; greatest_element_of_a_list ; 7.862609863281250000 ; 4.218078613281250000 ; 0.000000000000000000 ; 1.065795898437500000 ;  387.641 
JavaScript; greatest_element_of_a_list ; 7.867004394531250000 ; 4.215026855468750000 ; 0.000000000000000000 ; 1.066894531250000000 ;  388.335 
JavaScript; greatest_element_of_a_list ; 7.878417968750000000 ; 4.219177246093750000 ; 0.000000000000000000 ; 1.065612792968750000 ;  388.327 
JavaScript; greatest_element_of_a_list ; 9.024108886718750000 ; 4.925537109375000000 ; 0.000000000000000000 ; 1.074768066406250000 ;  392.056 
JavaScript; greatest_element_of_a_list ; 7.851745605468750000 ; 4.207580566406250000 ; 0.000000000000000000 ; 1.060302734375000000 ;  386.364 
JavaScript; greatest_element_of_a_list ; 8.032104492187500000 ; 4.309509277343750000 ; 0.000000000000000000 ; 1.069335937500000000 ;  390.142 
JavaScript; greatest_element_of_a_list ; 7.873168945312500000 ; 4.219238281250000000 ; 0.000000000000000000 ; 1.060424804687500000 ;  386.907 
JavaScript; greatest_element_of_a_list ; 7.864013671875000000 ; 4.211486816406250000 ; 0.000000000000000000 ; 1.063415527343750000 ;  387.665 
JavaScript; greatest_element_of_a_list ; 7.733276367187500000 ; 3.715332031250000000 ; 0.000000000000000000 ; 1.231628417968750000 ;  456.488 
JavaScript; greatest_element_of_a_list ; 7.916503906250000000 ; 4.261962890625000000 ; 0.000000000000000000 ; 1.064880371093750000 ;  387.267 
JavaScript; greatest_element_of_a_list ; 7.890319824218750000 ; 4.233581542968750000 ; 0.000000000000000000 ; 1.063720703125000000 ;  387.685 
JavaScript; greatest_element_of_a_list ; 7.840637207031250000 ; 4.201904296875000000 ; 0.000000000000000000 ; 1.061767578125000000 ;  387.49 
JavaScript; greatest_element_of_a_list ; 7.913024902343750000 ; 4.240600585937500000 ; 0.000000000000000000 ; 1.067443847656250000 ;  388.499 
JavaScript; greatest_element_of_a_list ; 7.944946289062500000 ; 4.271911621093750000 ; 0.000000000000000000 ; 1.067199707031250000 ;  388.829 
JavaScript; greatest_element_of_a_list ; 7.849731445312500000 ; 4.204650878906250000 ; 0.000000000000000000 ; 1.064147949218750000 ;  388.606 
JavaScript; greatest_element_of_a_list ; 7.960510253906250000 ; 4.269470214843750000 ; 0.000000000000000000 ; 1.071594238281250000 ;  390.384 
JavaScript; greatest_element_of_a_list ; 7.916870117187500000 ; 4.251770019531250000 ; 0.000000000000000000 ; 1.067504882812500000 ;  389.242 
JavaScript; greatest_element_of_a_list ; 7.910644531250000000 ; 4.242797851562500000 ; 0.000000000000000000 ; 1.064758300781250000 ;  387.223 
JavaScript; greatest_element_of_a_list ; 11.816284179687500000 ; 4.074340820312500000 ; 0.000000000000000000 ; 2.666564941406250000 ;  1038.52 
JavaScript; greatest_element_of_a_list ; 7.922363281250000000 ; 4.246765136718750000 ; 0.000000000000000000 ; 1.074401855468750000 ;  388.924 
JavaScript; greatest_element_of_a_list ; 7.917968750000000000 ; 4.246154785156250000 ; 0.000000000000000000 ; 1.071899414062500000 ;  388.398 
JavaScript; greatest_element_of_a_list ; 7.939147949218750000 ; 4.250732421875000000 ; 0.000000000000000000 ; 1.075500488281250000 ;  388.759 
JavaScript; greatest_element_of_a_list ; 8.820678710937500000 ; 4.822570800781250000 ; 0.000000000000000000 ; 1.077453613281250000 ;  388.153 
JavaScript; greatest_element_of_a_list ; 7.941772460937500000 ; 4.250122070312500000 ; 0.000000000000000000 ; 1.074951171875000000 ;  388.588 
JavaScript; greatest_element_of_a_list ; 7.936645507812500000 ; 4.251159667968750000 ; 0.000000000000000000 ; 1.077087402343750000 ;  389.09 
JavaScript; greatest_element_of_a_list ; 7.923400878906250000 ; 4.245422363281250000 ; 0.000000000000000000 ; 1.072998046875000000 ;  387.603 
JavaScript; greatest_element_of_a_list ; 7.909118652343750000 ; 4.235534667968750000 ; 0.000000000000000000 ; 1.070739746093750000 ;  386.98 
JavaScript; greatest_element_of_a_list ; 7.967773437500000000 ; 4.272827148437500000 ; 0.000000000000000000 ; 1.071594238281250000 ;  388.037 
Java; greatest_element_of_a_list ; 1.291625976562500000 ; 0.394409179687500000 ; 0.000000000000000000 ; 0.273010253906250000 ;  109.644 
Java; greatest_element_of_a_list ; 0.920104980468750000 ; 0.505126953125000000 ; 0.000000000000000000 ; 0.108886718750000000 ;  42.612 
Java; greatest_element_of_a_list ; 0.894470214843750000 ; 0.491699218750000000 ; 0.000000000000000000 ; 0.109863281250000000 ;  41.983 
Java; greatest_element_of_a_list ; 0.930175781250000000 ; 0.511901855468750000 ; 0.000000000000000000 ; 0.113220214843750000 ;  42.484 
Java; greatest_element_of_a_list ; 0.910095214843750000 ; 0.499450683593750000 ; 0.000000000000000000 ; 0.109130859375000000 ;  42.411 
Java; greatest_element_of_a_list ; 0.954284667968750000 ; 0.515991210937500000 ; 0.000000000000000000 ; 0.114929199218750000 ;  43.599 
Java; greatest_element_of_a_list ; 0.902893066406250000 ; 0.497985839843750000 ; 0.000000000000000000 ; 0.109375000000000000 ;  42.714 
Java; greatest_element_of_a_list ; 0.918029785156250000 ; 0.504333496093750000 ; 0.000000000000000000 ; 0.111877441406250000 ;  42.816 
Java; greatest_element_of_a_list ; 0.947448730468750000 ; 0.522521972656250000 ; 0.000000000000000000 ; 0.112182617187500000 ;  43.273 
Java; greatest_element_of_a_list ; 0.916259765625000000 ; 0.505432128906250000 ; 0.000000000000000000 ; 0.113708496093750000 ;  42.547 
Java; greatest_element_of_a_list ; 0.892333984375000000 ; 0.232482910156250000 ; 0.000000000000000000 ; 0.231201171875000000 ;  92.708 
Java; greatest_element_of_a_list ; 0.899902343750000000 ; 0.489685058593750000 ; 0.000000000000000000 ; 0.111572265625000000 ;  43.054 
Java; greatest_element_of_a_list ; 0.886779785156250000 ; 0.486145019531250000 ; 0.000000000000000000 ; 0.110107421875000000 ;  42.485 
Java; greatest_element_of_a_list ; 0.927062988281250000 ; 0.510803222656250000 ; 0.000000000000000000 ; 0.112365722656250000 ;  42.51 
Java; greatest_element_of_a_list ; 0.913940429687500000 ; 0.500488281250000000 ; 0.000000000000000000 ; 0.111572265625000000 ;  43.082 
Java; greatest_element_of_a_list ; 0.913146972656250000 ; 0.501464843750000000 ; 0.000000000000000000 ; 0.112060546875000000 ;  43.266 
Java; greatest_element_of_a_list ; 0.928283691406250000 ; 0.509704589843750000 ; 0.000000000000000000 ; 0.113098144531250000 ;  42.647 
Java; greatest_element_of_a_list ; 0.913269042968750000 ; 0.500793457031250000 ; 0.000000000000000000 ; 0.109680175781250000 ;  42.483 
Java; greatest_element_of_a_list ; 0.887634277343750000 ; 0.486999511718750000 ; 0.000000000000000000 ; 0.108093261718750000 ;  42.612 
Java; greatest_element_of_a_list ; 0.929992675781250000 ; 0.514160156250000000 ; 0.000000000000000000 ; 0.112487792968750000 ;  42.413 
Java; greatest_element_of_a_list ; 6.887023925781250000 ; 0.517456054687500000 ; 0.000000000000000000 ; 2.094604492187500000 ;  853.954 
Java; greatest_element_of_a_list ; 0.932678222656250000 ; 0.507446289062500000 ; 0.000000000000000000 ; 0.116088867187500000 ;  44.166 
Java; greatest_element_of_a_list ; 0.930908203125000000 ; 0.509338378906250000 ; 0.000000000000000000 ; 0.113403320312500000 ;  42.69 
Java; greatest_element_of_a_list ; 0.943786621093750000 ; 0.518981933593750000 ; 0.000000000000000000 ; 0.112365722656250000 ;  43.522 
Java; greatest_element_of_a_list ; 0.920410156250000000 ; 0.504089355468750000 ; 0.000000000000000000 ; 0.113830566406250000 ;  42.988 
Java; greatest_element_of_a_list ; 0.931396484375000000 ; 0.513000488281250000 ; 0.000000000000000000 ; 0.113159179687500000 ;  42.81 
Java; greatest_element_of_a_list ; 0.891845703125000000 ; 0.489685058593750000 ; 0.000000000000000000 ; 0.109985351562500000 ;  42.498 
Java; greatest_element_of_a_list ; 0.906982421875000000 ; 0.499755859375000000 ; 0.000000000000000000 ; 0.110351562500000000 ;  42.467 
Java; greatest_element_of_a_list ; 0.940063476562500000 ; 0.517822265625000000 ; 0.000000000000000000 ; 0.113525390625000000 ;  42.592 
Java; greatest_element_of_a_list ; 0.904785156250000000 ; 0.499877929687500000 ; 0.000000000000000000 ; 0.111083984375000000 ;  42.639 
Haskell; greatest_element_of_a_list ; 0.015319824218750000 ; 0.002258300781250000 ; 0.000000000000000000 ; 0.005004882812500000 ;  1.676 
Haskell; greatest_element_of_a_list ; 0.008117675781250000 ; 0.001403808593750000 ; 0.000000000000000000 ; 0.002441406250000000 ;  1.635 
Haskell; greatest_element_of_a_list ; 0.015808105468750000 ; 0.002441406250000000 ; 0.000000000000000000 ; 0.004882812500000000 ;  1.572 
Haskell; greatest_element_of_a_list ; 0.007629394531250000 ; 0.001281738281250000 ; 0.000000000000000000 ; 0.002380371093750000 ;  1.398 
Haskell; greatest_element_of_a_list ; 0.016967773437500000 ; 0.002990722656250000 ; 0.000000000000000000 ; 0.004882812500000000 ;  1.387 
Haskell; greatest_element_of_a_list ; 0.008239746093750000 ; 0.001342773437500000 ; 0.000000000000000000 ; 0.002441406250000000 ;  1.366 
Haskell; greatest_element_of_a_list ; 0.008361816406250000 ; 0.001586914062500000 ; 0.000000000000000000 ; 0.002441406250000000 ;  1.204 
Haskell; greatest_element_of_a_list ; 0.008300781250000000 ; 0.001831054687500000 ; 0.000000000000000000 ; 0.002380371093750000 ;  1.225 
Haskell; greatest_element_of_a_list ; 0.017089843750000000 ; 0.003173828125000000 ; 0.000000000000000000 ; 0.004882812500000000 ;  1.214 
Haskell; greatest_element_of_a_list ; 0.008728027343750000 ; 0.001586914062500000 ; 0.000000000000000000 ; 0.002502441406250000 ;  1.285 
Haskell; greatest_element_of_a_list ; 0.015014648437500000 ; 0.002075195312500000 ; 0.000000000000000000 ; 0.004821777343750000 ;  1.701 
Haskell; greatest_element_of_a_list ; 0.015808105468750000 ; 0.002746582031250000 ; 0.000000000000000000 ; 0.005004882812500000 ;  1.609 
Haskell; greatest_element_of_a_list ; 0.008178710937500000 ; 0.001220703125000000 ; 0.000000000000000000 ; 0.002380371093750000 ;  1.543 
Haskell; greatest_element_of_a_list ; 0.016174316406250000 ; 0.002502441406250000 ; 0.000000000000000000 ; 0.004882812500000000 ;  1.524 
Haskell; greatest_element_of_a_list ; 0.008300781250000000 ; 0.001525878906250000 ; 0.000000000000000000 ; 0.002441406250000000 ;  1.466 
Haskell; greatest_element_of_a_list ; 0.016723632812500000 ; 0.003112792968750000 ; 0.000000000000000000 ; 0.004882812500000000 ;  1.382 
Haskell; greatest_element_of_a_list ; 0.008850097656250000 ; 0.001831054687500000 ; 0.000000000000000000 ; 0.002441406250000000 ;  1.131 
Haskell; greatest_element_of_a_list ; 0.009155273437500000 ; 0.002441406250000000 ; 0.000000000000000000 ; 0.002380371093750000 ;  1.159 
Haskell; greatest_element_of_a_list ; 0.009643554687500000 ; 0.002807617187500000 ; 0.000000000000000000 ; 0.002441406250000000 ;  1.169 
Haskell; greatest_element_of_a_list ; 0.009582519531250000 ; 0.002746582031250000 ; 0.000000000000000000 ; 0.002441406250000000 ;  1.123 
Haskell; greatest_element_of_a_list ; 0.015808105468750000 ; 0.002380371093750000 ; 0.000000000000000000 ; 0.005004882812500000 ;  1.479 
Haskell; greatest_element_of_a_list ; 0.008056640625000000 ; 0.001342773437500000 ; 0.000000000000000000 ; 0.002441406250000000 ;  1.485 
Haskell; greatest_element_of_a_list ; 0.016235351562500000 ; 0.002807617187500000 ; 0.000000000000000000 ; 0.005004882812500000 ;  1.352 
Haskell; greatest_element_of_a_list ; 0.008056640625000000 ; 0.001281738281250000 ; 0.000000000000000000 ; 0.002380371093750000 ;  1.331 
Haskell; greatest_element_of_a_list ; 0.008117675781250000 ; 0.001586914062500000 ; 0.000000000000000000 ; 0.002502441406250000 ;  1.419 
Haskell; greatest_element_of_a_list ; 0.015991210937500000 ; 0.002807617187500000 ; 0.000000000000000000 ; 0.004943847656250000 ;  1.349 
Haskell; greatest_element_of_a_list ; 0.008056640625000000 ; 0.001647949218750000 ; 0.000000000000000000 ; 0.002380371093750000 ;  1.131 
Haskell; greatest_element_of_a_list ; 0.008972167968750000 ; 0.002136230468750000 ; 0.000000000000000000 ; 0.002441406250000000 ;  1.029 
Haskell; greatest_element_of_a_list ; 0.009216308593750000 ; 0.002258300781250000 ; 0.000000000000000000 ; 0.002502441406250000 ;  1.039 
Haskell; greatest_element_of_a_list ; 0.009094238281250000 ; 0.002136230468750000 ; 0.000000000000000000 ; 0.002441406250000000 ;  1.005 
OCaml; greatest_element_of_a_list ; 0.017456054687500000 ; 0.003356933593750000 ; 0.000000000000000000 ; 0.005004882812500000 ;  1.247 
OCaml; greatest_element_of_a_list ; 0.008544921875000000 ; 0.001708984375000000 ; 0.000000000000000000 ; 0.002441406250000000 ;  1.277 
OCaml; greatest_element_of_a_list ; 0.008300781250000000 ; 0.001586914062500000 ; 0.000000000000000000 ; 0.002441406250000000 ;  1.302 
OCaml; greatest_element_of_a_list ; 0.008361816406250000 ; 0.001892089843750000 ; 0.000000000000000000 ; 0.002441406250000000 ;  0.954 
OCaml; greatest_element_of_a_list ; 0.009338378906250000 ; 0.002441406250000000 ; 0.000000000000000000 ; 0.002441406250000000 ;  0.945 
OCaml; greatest_element_of_a_list ; 0.010009765625000000 ; 0.002685546875000000 ; 0.000000000000000000 ; 0.002441406250000000 ;  0.949 
OCaml; greatest_element_of_a_list ; 0.009948730468750000 ; 0.002563476562500000 ; 0.000000000000000000 ; 0.002441406250000000 ;  0.951 
OCaml; greatest_element_of_a_list ; 0.009887695312500000 ; 0.002624511718750000 ; 0.000000000000000000 ; 0.002441406250000000 ;  0.96 
OCaml; greatest_element_of_a_list ; 0.010131835937500000 ; 0.002563476562500000 ; 0.000000000000000000 ; 0.002441406250000000 ;  0.912 
OCaml; greatest_element_of_a_list ; 0.010253906250000000 ; 0.003417968750000000 ; 0.000000000000000000 ; 0.002502441406250000 ;  0.884 
OCaml; greatest_element_of_a_list ; 0.015319824218750000 ; 0.002319335937500000 ; 0.000000000000000000 ; 0.004943847656250000 ;  1.652 
OCaml; greatest_element_of_a_list ; 0.007812500000000000 ; 0.001281738281250000 ; 0.000000000000000000 ; 0.002441406250000000 ;  1.543 
OCaml; greatest_element_of_a_list ; 0.016723632812500000 ; 0.002990722656250000 ; 0.000000000000000000 ; 0.004882812500000000 ;  1.47 
OCaml; greatest_element_of_a_list ; 0.008361816406250000 ; 0.001464843750000000 ; 0.000000000000000000 ; 0.002441406250000000 ;  1.381 
OCaml; greatest_element_of_a_list ; 0.016601562500000000 ; 0.002929687500000000 ; 0.000000000000000000 ; 0.004882812500000000 ;  1.495 
OCaml; greatest_element_of_a_list ; 0.008239746093750000 ; 0.001525878906250000 ; 0.000000000000000000 ; 0.002441406250000000 ;  1.185 
OCaml; greatest_element_of_a_list ; 0.009155273437500000 ; 0.002319335937500000 ; 0.000000000000000000 ; 0.002441406250000000 ;  0.941 
OCaml; greatest_element_of_a_list ; 0.010864257812500000 ; 0.002868652343750000 ; 0.000000000000000000 ; 0.002441406250000000 ;  0.949 
OCaml; greatest_element_of_a_list ; 0.011108398437500000 ; 0.002929687500000000 ; 0.000000000000000000 ; 0.002441406250000000 ;  0.92 
OCaml; greatest_element_of_a_list ; 0.009887695312500000 ; 0.002563476562500000 ; 0.000000000000000000 ; 0.002441406250000000 ;  0.904 
OCaml; greatest_element_of_a_list ; 0.017456054687500000 ; 0.003234863281250000 ; 0.000000000000000000 ; 0.005065917968750000 ;  1.441 
OCaml; greatest_element_of_a_list ; 0.008605957031250000 ; 0.001525878906250000 ; 0.000000000000000000 ; 0.002441406250000000 ;  1.343 
OCaml; greatest_element_of_a_list ; 0.008422851562500000 ; 0.001647949218750000 ; 0.000000000000000000 ; 0.002441406250000000 ;  1.351 
OCaml; greatest_element_of_a_list ; 0.008361816406250000 ; 0.001770019531250000 ; 0.000000000000000000 ; 0.002502441406250000 ;  1.141 
OCaml; greatest_element_of_a_list ; 0.019653320312500000 ; 0.004699707031250000 ; 0.000000000000000000 ; 0.004943847656250000 ;  1.136 
OCaml; greatest_element_of_a_list ; 0.009643554687500000 ; 0.002136230468750000 ; 0.000000000000000000 ; 0.002441406250000000 ;  1.146 
OCaml; greatest_element_of_a_list ; 0.010070800781250000 ; 0.002319335937500000 ; 0.000000000000000000 ; 0.002502441406250000 ;  1.131 
OCaml; greatest_element_of_a_list ; 0.009948730468750000 ; 0.002868652343750000 ; 0.000000000000000000 ; 0.002441406250000000 ;  1.152 
OCaml; greatest_element_of_a_list ; 0.010498046875000000 ; 0.003295898437500000 ; 0.000000000000000000 ; 0.002441406250000000 ;  1.115 
OCaml; greatest_element_of_a_list ; 0.010620117187500000 ; 0.002807617187500000 ; 0.000000000000000000 ; 0.002441406250000000 ;  1.075 
C; greatest_element_of_a_list ; 0.007934570312500000 ; 0.001220703125000000 ; 0.000000000000000000 ; 0.002502441406250000 ;  1.677 
C; greatest_element_of_a_list ; 0.015502929687500000 ; 0.002441406250000000 ; 0.000000000000000000 ; 0.004821777343750000 ;  1.729 
C; greatest_element_of_a_list ; 0.015747070312500000 ; 0.002563476562500000 ; 0.000000000000000000 ; 0.004882812500000000 ;  1.593 
C; greatest_element_of_a_list ; 0.008239746093750000 ; 0.001342773437500000 ; 0.000000000000000000 ; 0.002441406250000000 ;  1.507 
C; greatest_element_of_a_list ; 0.008422851562500000 ; 0.001586914062500000 ; 0.000000000000000000 ; 0.004943847656250000 ;  1.422 
C; greatest_element_of_a_list ; 0.008300781250000000 ; 0.001403808593750000 ; 0.000000000000000000 ; 0.002380371093750000 ;  1.386 
C; greatest_element_of_a_list ; 0.008361816406250000 ; 0.001647949218750000 ; 0.000000000000000000 ; 0.002441406250000000 ;  1.147 
C; greatest_element_of_a_list ; 0.008911132812500000 ; 0.001892089843750000 ; 0.000000000000000000 ; 0.002441406250000000 ;  1.117 
C; greatest_element_of_a_list ; 0.009094238281250000 ; 0.002014160156250000 ; 0.000000000000000000 ; 0.002441406250000000 ;  1.099 
C; greatest_element_of_a_list ; 0.008972167968750000 ; 0.001892089843750000 ; 0.000000000000000000 ; 0.002380371093750000 ;  1.172 
C; greatest_element_of_a_list ; 0.015075683593750000 ; 0.002136230468750000 ; 0.000000000000000000 ; 0.004882812500000000 ;  1.685 
C; greatest_element_of_a_list ; 0.007507324218750000 ; 0.001037597656250000 ; 0.000000000000000000 ; 0.002441406250000000 ;  1.65 
C; greatest_element_of_a_list ; 0.007934570312500000 ; 0.001098632812500000 ; 0.000000000000000000 ; 0.002441406250000000 ;  1.601 
C; greatest_element_of_a_list ; 0.015869140625000000 ; 0.002502441406250000 ; 0.000000000000000000 ; 0.004882812500000000 ;  1.48 
C; greatest_element_of_a_list ; 0.007568359375000000 ; 0.001098632812500000 ; 0.000000000000000000 ; 0.002441406250000000 ;  1.574 
C; greatest_element_of_a_list ; 0.015869140625000000 ; 0.002746582031250000 ; 0.000000000000000000 ; 0.004821777343750000 ;  1.503 
C; greatest_element_of_a_list ; 0.008300781250000000 ; 0.001586914062500000 ; 0.000000000000000000 ; 0.002441406250000000 ;  1.3 
C; greatest_element_of_a_list ; 0.008422851562500000 ; 0.001708984375000000 ; 0.000000000000000000 ; 0.002502441406250000 ;  1.246 
C; greatest_element_of_a_list ; 0.016723632812500000 ; 0.003295898437500000 ; 0.000000000000000000 ; 0.004821777343750000 ;  1.33 
C; greatest_element_of_a_list ; 0.008361816406250000 ; 0.001464843750000000 ; 0.000000000000000000 ; 0.002441406250000000 ;  1.252 
C; greatest_element_of_a_list ; 0.008911132812500000 ; 0.001770019531250000 ; 0.000000000000000000 ; 0.002502441406250000 ;  1.375 
C; greatest_element_of_a_list ; 0.017089843750000000 ; 0.003234863281250000 ; 0.000000000000000000 ; 0.005004882812500000 ;  1.307 
C; greatest_element_of_a_list ; 0.008300781250000000 ; 0.001525878906250000 ; 0.000000000000000000 ; 0.002380371093750000 ;  1.284 
C; greatest_element_of_a_list ; 0.009094238281250000 ; 0.002136230468750000 ; 0.000000000000000000 ; 0.002502441406250000 ;  1.123 
C; greatest_element_of_a_list ; 0.009033203125000000 ; 0.002075195312500000 ; 0.000000000000000000 ; 0.002441406250000000 ;  1.099 
C; greatest_element_of_a_list ; 0.009399414062500000 ; 0.002197265625000000 ; 0.000000000000000000 ; 0.002441406250000000 ;  1.128 
C; greatest_element_of_a_list ; 0.010131835937500000 ; 0.002319335937500000 ; 0.000000000000000000 ; 0.002502441406250000 ;  1.069 
C; greatest_element_of_a_list ; 0.010253906250000000 ; 0.002563476562500000 ; 0.000000000000000000 ; 0.002441406250000000 ;  1.002 
C; greatest_element_of_a_list ; 0.009948730468750000 ; 0.002502441406250000 ; 0.000000000000000000 ; 0.002441406250000000 ;  1.001 
C; greatest_element_of_a_list ; 0.010009765625000000 ; 0.002441406250000000 ; 0.000000000000000000 ; 0.002502441406250000 ;  0.952 
Pascal; greatest_element_of_a_list ; 1.147033691406250000 ; 0.027648925781250000 ; 0.000000000000000000 ; 0.425231933593750000 ;  173.974 
Pascal; greatest_element_of_a_list ; 0.040039062500000000 ; 0.009582519531250000 ; 0.000000000000000000 ; 0.010986328125000000 ;  3.966 
Pascal; greatest_element_of_a_list ; 0.029663085937500000 ; 0.006896972656250000 ; 0.000000000000000000 ; 0.008178710937500000 ;  3.561 
Pascal; greatest_element_of_a_list ; 0.030151367187500000 ; 0.007324218750000000 ; 0.000000000000000000 ; 0.008117675781250000 ;  3.124 
Pascal; greatest_element_of_a_list ; 0.026062011718750000 ; 0.010742187500000000 ; 0.000000000000000000 ; 0.005493164062500000 ;  1.916 
Pascal; greatest_element_of_a_list ; 0.033447265625000000 ; 0.014526367187500000 ; 0.000000000000000000 ; 0.005676269531250000 ;  1.92 
Pascal; greatest_element_of_a_list ; 0.036743164062500000 ; 0.018188476562500000 ; 0.000000000000000000 ; 0.005920410156250000 ;  1.764 
Pascal; greatest_element_of_a_list ; 0.041381835937500000 ; 0.021179199218750000 ; 0.000000000000000000 ; 0.006042480468750000 ;  1.698 
Pascal; greatest_element_of_a_list ; 0.020629882812500000 ; 0.010864257812500000 ; 0.000000000000000000 ; 0.002807617187500000 ;  1.654 
Pascal; greatest_element_of_a_list ; 0.043212890625000000 ; 0.022033691406250000 ; 0.000000000000000000 ; 0.005798339843750000 ;  1.716 
Pascal; greatest_element_of_a_list ; 0.037902832031250000 ; 0.008117675781250000 ; 0.000000000000000000 ; 0.011474609375000000 ;  3.893 
Pascal; greatest_element_of_a_list ; 0.029724121093750000 ; 0.006469726562500000 ; 0.000000000000000000 ; 0.008239746093750000 ;  3.562 
Pascal; greatest_element_of_a_list ; 0.032165527343750000 ; 0.008605957031250000 ; 0.000000000000000000 ; 0.008300781250000000 ;  3.013 
Pascal; greatest_element_of_a_list ; 0.035278320312500000 ; 0.010803222656250000 ; 0.000000000000000000 ; 0.008605957031250000 ;  2.723 
Pascal; greatest_element_of_a_list ; 0.023925781250000000 ; 0.007385253906250000 ; 0.000000000000000000 ; 0.005493164062500000 ;  2.652 
Pascal; greatest_element_of_a_list ; 0.035522460937500000 ; 0.010986328125000000 ; 0.000000000000000000 ; 0.005432128906250000 ;  2.625 
Pascal; greatest_element_of_a_list ; 0.036010742187500000 ; 0.011657714843750000 ; 0.000000000000000000 ; 0.008361816406250000 ;  2.668 
Pascal; greatest_element_of_a_list ; 0.023376464843750000 ; 0.007446289062500000 ; 0.000000000000000000 ; 0.005432128906250000 ;  2.56 
Pascal; greatest_element_of_a_list ; 0.027587890625000000 ; 0.012634277343750000 ; 0.000000000000000000 ; 0.005615234375000000 ;  1.826 
Pascal; greatest_element_of_a_list ; 0.035888671875000000 ; 0.018066406250000000 ; 0.000000000000000000 ; 0.005737304687500000 ;  1.751 
Pascal; greatest_element_of_a_list ; 1.161926269531250000 ; 0.032897949218750000 ; 0.000000000000000000 ; 0.416625976562500000 ;  169.927 
Pascal; greatest_element_of_a_list ; 0.033935546875000000 ; 0.012512207031250000 ; 0.000000000000000000 ; 0.008666992187500000 ;  2.59 
Pascal; greatest_element_of_a_list ; 0.033935546875000000 ; 0.015258789062500000 ; 0.000000000000000000 ; 0.005981445312500000 ;  1.924 
Pascal; greatest_element_of_a_list ; 0.036865234375000000 ; 0.017700195312500000 ; 0.000000000000000000 ; 0.005981445312500000 ;  1.865 
Pascal; greatest_element_of_a_list ; 0.018127441406250000 ; 0.008422851562500000 ; 0.000000000000000000 ; 0.002746582031250000 ;  1.812 
Pascal; greatest_element_of_a_list ; 0.036254882812500000 ; 0.016845703125000000 ; 0.000000000000000000 ; 0.005737304687500000 ;  1.812 
Pascal; greatest_element_of_a_list ; 0.036376953125000000 ; 0.016784667968750000 ; 0.000000000000000000 ; 0.005859375000000000 ;  1.806 
Pascal; greatest_element_of_a_list ; 0.038818359375000000 ; 0.019775390625000000 ; 0.000000000000000000 ; 0.005859375000000000 ;  1.692 
Pascal; greatest_element_of_a_list ; 0.020080566406250000 ; 0.010498046875000000 ; 0.000000000000000000 ; 0.002685546875000000 ;  1.669 
Pascal; greatest_element_of_a_list ; 0.040954589843750000 ; 0.020874023437500000 ; 0.000000000000000000 ; 0.005981445312500000 ;  1.684 
Ada; greatest_element_of_a_list ; 0.008972167968750000 ; 0.001647949218750000 ; 0.000000000000000000 ; 0.002441406250000000 ;  1.282 
Ada; greatest_element_of_a_list ; 0.008239746093750000 ; 0.001586914062500000 ; 0.000000000000000000 ; 0.002441406250000000 ;  1.336 
Ada; greatest_element_of_a_list ; 0.016845703125000000 ; 0.003356933593750000 ; 0.000000000000000000 ; 0.004943847656250000 ;  1.279 
Ada; greatest_element_of_a_list ; 0.008728027343750000 ; 0.002380371093750000 ; 0.000000000000000000 ; 0.002380371093750000 ;  1.191 
Ada; greatest_element_of_a_list ; 0.009033203125000000 ; 0.001831054687500000 ; 0.000000000000000000 ; 0.002441406250000000 ;  1.252 
Ada; greatest_element_of_a_list ; 0.008361816406250000 ; 0.001831054687500000 ; 0.000000000000000000 ; 0.002502441406250000 ;  1.081 
Ada; greatest_element_of_a_list ; 0.009033203125000000 ; 0.002136230468750000 ; 0.000000000000000000 ; 0.002380371093750000 ;  1.103 
Ada; greatest_element_of_a_list ; 0.009948730468750000 ; 0.002319335937500000 ; 0.000000000000000000 ; 0.002502441406250000 ;  1.117 
Ada; greatest_element_of_a_list ; 0.009216308593750000 ; 0.002075195312500000 ; 0.000000000000000000 ; 0.002441406250000000 ;  1.043 
Ada; greatest_element_of_a_list ; 0.008911132812500000 ; 0.001953125000000000 ; 0.000000000000000000 ; 0.002380371093750000 ;  1.004 
Ada; greatest_element_of_a_list ; 0.007690429687500000 ; 0.001159667968750000 ; 0.000000000000000000 ; 0.002502441406250000 ;  1.482 
Ada; greatest_element_of_a_list ; 0.008666992187500000 ; 0.001953125000000000 ; 0.000000000000000000 ; 0.002441406250000000 ;  1.101 
Ada; greatest_element_of_a_list ; 0.009094238281250000 ; 0.002014160156250000 ; 0.000000000000000000 ; 0.002441406250000000 ;  1.111 
Ada; greatest_element_of_a_list ; 0.009155273437500000 ; 0.002075195312500000 ; 0.000000000000000000 ; 0.002502441406250000 ;  1.069 
Ada; greatest_element_of_a_list ; 0.009094238281250000 ; 0.002014160156250000 ; 0.000000000000000000 ; 0.002441406250000000 ;  1.094 
Ada; greatest_element_of_a_list ; 0.009887695312500000 ; 0.002258300781250000 ; 0.000000000000000000 ; 0.002441406250000000 ;  1.074 
Ada; greatest_element_of_a_list ; 0.009033203125000000 ; 0.001953125000000000 ; 0.000000000000000000 ; 0.002441406250000000 ;  0.994 
Ada; greatest_element_of_a_list ; 0.009094238281250000 ; 0.002014160156250000 ; 0.000000000000000000 ; 0.002380371093750000 ;  0.981 
Ada; greatest_element_of_a_list ; 0.018859863281250000 ; 0.004699707031250000 ; 0.000000000000000000 ; 0.004882812500000000 ;  1.065 
Ada; greatest_element_of_a_list ; 0.009826660156250000 ; 0.002197265625000000 ; 0.000000000000000000 ; 0.002441406250000000 ;  1.108 
Ada; greatest_element_of_a_list ; 0.015991210937500000 ; 0.002441406250000000 ; 0.000000000000000000 ; 0.004943847656250000 ;  1.696 
Ada; greatest_element_of_a_list ; 0.016601562500000000 ; 0.002624511718750000 ; 0.000000000000000000 ; 0.004943847656250000 ;  1.634 
Ada; greatest_element_of_a_list ; 0.008483886718750000 ; 0.001281738281250000 ; 0.000000000000000000 ; 0.002502441406250000 ;  1.573 
Ada; greatest_element_of_a_list ; 0.016113281250000000 ; 0.002624511718750000 ; 0.000000000000000000 ; 0.004882812500000000 ;  1.6 
Ada; greatest_element_of_a_list ; 0.008361816406250000 ; 0.001281738281250000 ; 0.000000000000000000 ; 0.002441406250000000 ;  1.497 
Ada; greatest_element_of_a_list ; 0.016235351562500000 ; 0.002868652343750000 ; 0.000000000000000000 ; 0.004882812500000000 ;  1.496 
Ada; greatest_element_of_a_list ; 0.008850097656250000 ; 0.001647949218750000 ; 0.000000000000000000 ; 0.002502441406250000 ;  1.293 
Ada; greatest_element_of_a_list ; 0.008483886718750000 ; 0.001647949218750000 ; 0.000000000000000000 ; 0.002502441406250000 ;  1.281 
Ada; greatest_element_of_a_list ; 0.016723632812500000 ; 0.003295898437500000 ; 0.000000000000000000 ; 0.004882812500000000 ;  1.266 
Ada; greatest_element_of_a_list ; 0.008911132812500000 ; 0.001586914062500000 ; 0.000000000000000000 ; 0.002441406250000000 ;  1.378 
Python; greatest_element_of_a_list ; 38.162658691406250000 ; 17.554016113281250000 ; 0.000000000000000000 ; 6.846679687500000000 ;  2259.74 
Python; greatest_element_of_a_list ; 37.152343750000000000 ; 18.240661621093750000 ; 0.000000000000000000 ; 6.130187988281250000 ;  1963.49 
Python; greatest_element_of_a_list ; 39.457824707031250000 ; 19.671386718750000000 ; 0.000000000000000000 ; 6.151428222656250000 ;  1972.23 
Python; greatest_element_of_a_list ; 37.081848144531250000 ; 18.203735351562500000 ; 0.000000000000000000 ; 6.125732421875000000 ;  1960.92 
Python; greatest_element_of_a_list ; 39.335815429687500000 ; 19.606994628906250000 ; 0.000000000000000000 ; 6.128662109375000000 ;  1965.36 
Python; greatest_element_of_a_list ; 39.954711914062500000 ; 19.963500976562500000 ; 0.000000000000000000 ; 6.141662597656250000 ;  1969.57 
Python; greatest_element_of_a_list ; 40.221191406250000000 ; 20.013977050781250000 ; 0.000000000000000000 ; 6.235290527343750000 ;  2006.96 
Python; greatest_element_of_a_list ; 37.340881347656250000 ; 18.350463867187500000 ; 0.000000000000000000 ; 6.125976562500000000 ;  1963.06 
Python; greatest_element_of_a_list ; 39.211669921875000000 ; 19.541748046875000000 ; 0.001037597656250000 ; 6.119384765625000000 ;  1960.14 
Python; greatest_element_of_a_list ; 39.712829589843750000 ; 19.837036132812500000 ; 0.000000000000000000 ; 6.126586914062500000 ;  1962.49 
Python; greatest_element_of_a_list ; 36.579650878906250000 ; 17.300231933593750000 ; 0.000000000000000000 ; 6.340881347656250000 ;  2049.24 
Python; greatest_element_of_a_list ; 37.388916015625000000 ; 18.313842773437500000 ; 0.000000000000000000 ; 6.142395019531250000 ;  1968 
Python; greatest_element_of_a_list ; 37.060607910156250000 ; 18.297424316406250000 ; 0.000000000000000000 ; 6.095520019531250000 ;  1946.78 
Python; greatest_element_of_a_list ; 38.389038085937500000 ; 18.920288085937500000 ; 0.000000000000000000 ; 6.122863769531250000 ;  1957.76 
Python; greatest_element_of_a_list ; 36.839416503906250000 ; 18.002319335937500000 ; 0.000000000000000000 ; 6.120971679687500000 ;  1960.06 
Python; greatest_element_of_a_list ; 36.887512207031250000 ; 18.153320312500000000 ; 0.000915527343750000 ; 6.095581054687500000 ;  1948.4 
Python; greatest_element_of_a_list ; 36.814575195312500000 ; 17.980529785156250000 ; 0.000000000000000000 ; 6.128662109375000000 ;  1962.3 
Python; greatest_element_of_a_list ; 37.497863769531250000 ; 18.605102539062500000 ; 0.000000000000000000 ; 6.147155761718750000 ;  1965.52 
Python; greatest_element_of_a_list ; 37.234863281250000000 ; 18.306335449218750000 ; 0.000000000000000000 ; 6.130981445312500000 ;  1962.78 
Python; greatest_element_of_a_list ; 37.086120605468750000 ; 18.065368652343750000 ; 0.000000000000000000 ; 6.174865722656250000 ;  1981.55 
Python; greatest_element_of_a_list ; 38.362182617187500000 ; 18.167419433593750000 ; 0.000000000000000000 ; 6.597656250000000000 ;  2136.45 
Python; greatest_element_of_a_list ; 40.650817871093750000 ; 20.302124023437500000 ; 0.000000000000000000 ; 6.212829589843750000 ;  1981.14 
Python; greatest_element_of_a_list ; 37.271545410156250000 ; 18.178527832031250000 ; 0.000000000000000000 ; 6.183349609375000000 ;  1964.88 
Python; greatest_element_of_a_list ; 37.182312011718750000 ; 18.276184082031250000 ; 0.000000000000000000 ; 6.145385742187500000 ;  1952.3 
Python; greatest_element_of_a_list ; 40.232421875000000000 ; 20.074401855468750000 ; 0.000000000000000000 ; 6.194458007812500000 ;  1973.43 
Python; greatest_element_of_a_list ; 37.438232421875000000 ; 18.244628906250000000 ; 0.000000000000000000 ; 6.193359375000000000 ;  1970.91 
Python; greatest_element_of_a_list ; 37.963867187500000000 ; 18.687622070312500000 ; 0.000000000000000000 ; 6.199462890625000000 ;  1973.84 
Python; greatest_element_of_a_list ; 37.402526855468750000 ; 18.239685058593750000 ; 0.000000000000000000 ; 6.184692382812500000 ;  1967.62 
Python; greatest_element_of_a_list ; 37.822631835937500000 ; 18.565002441406250000 ; 0.000000000000000000 ; 6.212036132812500000 ;  1978.05 
Python; greatest_element_of_a_list ; 37.427734375000000000 ; 18.213134765625000000 ; 0.000000000000000000 ; 6.218566894531250000 ;  1981.65 
Erlang; greatest_element_of_a_list ; 4.877197265625000000 ; 1.973571777343750000 ; 0.000000000000000000 ; 0.874938964843750000 ;  358.814 
Erlang; greatest_element_of_a_list ; 4.815307617187500000 ; 2.254943847656250000 ; 0.000000000000000000 ; 0.731994628906250000 ;  298.887 
Erlang; greatest_element_of_a_list ; 4.821411132812500000 ; 2.276672363281250000 ; 0.000000000000000000 ; 0.728393554687500000 ;  298.95 
Erlang; greatest_element_of_a_list ; 4.760498046875000000 ; 2.227172851562500000 ; 0.000000000000000000 ; 0.729248046875000000 ;  299.132 
Erlang; greatest_element_of_a_list ; 4.788269042968750000 ; 2.246826171875000000 ; 0.000000000000000000 ; 0.729125976562500000 ;  298.724 
Erlang; greatest_element_of_a_list ; 4.768249511718750000 ; 2.242431640625000000 ; 0.000000000000000000 ; 0.726135253906250000 ;  297.666 
Erlang; greatest_element_of_a_list ; 4.857727050781250000 ; 2.285522460937500000 ; 0.000000000000000000 ; 0.731201171875000000 ;  298.911 
Erlang; greatest_element_of_a_list ; 4.720153808593750000 ; 2.084899902343750000 ; 0.000000000000000000 ; 0.772216796875000000 ;  317.5 
Erlang; greatest_element_of_a_list ; 4.785339355468750000 ; 2.245239257812500000 ; 0.000000000000000000 ; 0.728759765625000000 ;  298.415 
Erlang; greatest_element_of_a_list ; 4.801574707031250000 ; 2.257995605468750000 ; 0.000000000000000000 ; 0.734558105468750000 ;  300.408 
Erlang; greatest_element_of_a_list ; 4.793395996093750000 ; 2.112609863281250000 ; 0.000000000000000000 ; 0.792236328125000000 ;  321.672 
Erlang; greatest_element_of_a_list ; 4.786682128906250000 ; 2.045959472656250000 ; 0.000000000000000000 ; 0.793579101562500000 ;  323.455 
Erlang; greatest_element_of_a_list ; 4.853088378906250000 ; 2.280700683593750000 ; 0.000000000000000000 ; 0.732604980468750000 ;  297.289 
Erlang; greatest_element_of_a_list ; 4.864685058593750000 ; 2.266662597656250000 ; 0.000000000000000000 ; 0.738220214843750000 ;  299.436 
Erlang; greatest_element_of_a_list ; 4.863952636718750000 ; 2.267456054687500000 ; 0.000000000000000000 ; 0.737182617187500000 ;  300.103 
Erlang; greatest_element_of_a_list ; 4.810913085937500000 ; 1.899963378906250000 ; 0.000000000000000000 ; 0.869140625000000000 ;  354.116 
Erlang; greatest_element_of_a_list ; 4.790954589843750000 ; 2.064208984375000000 ; 0.000000000000000000 ; 0.798645019531250000 ;  324.401 
Erlang; greatest_element_of_a_list ; 4.813964843750000000 ; 2.245910644531250000 ; 0.000000000000000000 ; 0.732666015625000000 ;  297.857 
Erlang; greatest_element_of_a_list ; 4.780639648437500000 ; 2.234863281250000000 ; 0.000000000000000000 ; 0.735656738281250000 ;  298.763 
Erlang; greatest_element_of_a_list ; 4.884826660156250000 ; 2.093200683593750000 ; 0.000000000000000000 ; 0.803833007812500000 ;  326.351 
Dart; greatest_element_of_a_list ; 83.213989257812500000 ; 40.476074218750000000 ; 0.000000000000000000 ; 13.681884765625000000 ;  4615.52 
Dart; greatest_element_of_a_list ; 82.012634277343750000 ; 40.885681152343750000 ; 0.000000000000000000 ; 12.902099609375000000 ;  4296.35 
Dart; greatest_element_of_a_list ; 83.595397949218750000 ; 41.900695800781250000 ; 0.000000000000000000 ; 12.809631347656250000 ;  4255.2 
Dart; greatest_element_of_a_list ; 82.747802734375000000 ; 41.542175292968750000 ; 0.001037597656250000 ; 12.831115722656250000 ;  4268.2 
Dart; greatest_element_of_a_list ; 81.060058593750000000 ; 40.514099121093750000 ; 0.000000000000000000 ; 12.795166015625000000 ;  4250.18 
Dart; greatest_element_of_a_list ; 81.646240234375000000 ; 40.845642089843750000 ; 0.000000000000000000 ; 12.852172851562500000 ;  4275.11 
Dart; greatest_element_of_a_list ; 81.408813476562500000 ; 40.575317382812500000 ; 0.000000000000000000 ; 12.892822265625000000 ;  4291.83 
Dart; greatest_element_of_a_list ; 84.219299316406250000 ; 43.246520996093750000 ; 0.000000000000000000 ; 12.856079101562500000 ;  4278.26 
Dart; greatest_element_of_a_list ; 81.491638183593750000 ; 40.617614746093750000 ; 0.000000000000000000 ; 12.849792480468750000 ;  4268.02 
Dart; greatest_element_of_a_list ; 81.559387207031250000 ; 40.616760253906250000 ; 0.000000000000000000 ; 12.862304687500000000 ;  4278.64 
Dart; greatest_element_of_a_list ; 84.902526855468750000 ; 41.105712890625000000 ; 0.000000000000000000 ; 13.851623535156250000 ;  4644.11 
Dart; greatest_element_of_a_list ; 84.470886230468750000 ; 42.277099609375000000 ; 0.000000000000000000 ; 13.046813964843750000 ;  4316.88 
Dart; greatest_element_of_a_list ; 85.300476074218750000 ; 42.774536132812500000 ; 0.000000000000000000 ; 12.960021972656250000 ;  4280.17 
Dart; greatest_element_of_a_list ; 81.739562988281250000 ; 40.798706054687500000 ; 0.000000000000000000 ; 12.920043945312500000 ;  4263.02 
Dart; greatest_element_of_a_list ; 85.570068359375000000 ; 42.942138671875000000 ; 0.000000000000000000 ; 12.990356445312500000 ;  4287.71 
Dart; greatest_element_of_a_list ; 82.223999023437500000 ; 40.900329589843750000 ; 0.001037597656250000 ; 12.989746093750000000 ;  4292.53 
Dart; greatest_element_of_a_list ; 82.832641601562500000 ; 41.764648437500000000 ; 0.000000000000000000 ; 12.958435058593750000 ;  4278.49 
Dart; greatest_element_of_a_list ; 83.328308105468750000 ; 41.660217285156250000 ; 0.000000000000000000 ; 13.003601074218750000 ;  4296.52 
Dart; greatest_element_of_a_list ; 82.001281738281250000 ; 40.749633789062500000 ; 0.000000000000000000 ; 12.968811035156250000 ;  4278.67 
Dart; greatest_element_of_a_list ; 82.904602050781250000 ; 41.436340332031250000 ; 0.000000000000000000 ; 12.984619140625000000 ;  4288.74 
C++; greatest_element_of_a_list ; 0.508666992187500000 ; 0.023803710937500000 ; 0.000000000000000000 ; 0.189575195312500000 ;  77.674 
C++; greatest_element_of_a_list ; 0.079223632812500000 ; 0.035888671875000000 ; 0.000000000000000000 ; 0.014709472656250000 ;  4.234 
C++; greatest_element_of_a_list ; 0.061035156250000000 ; 0.030151367187500000 ; 0.000000000000000000 ; 0.008972167968750000 ;  3.854 
C++; greatest_element_of_a_list ; 0.080566406250000000 ; 0.039855957031250000 ; 0.000000000000000000 ; 0.011840820312500000 ;  3.839 
C++; greatest_element_of_a_list ; 0.081298828125000000 ; 0.040588378906250000 ; 0.000000000000000000 ; 0.011840820312500000 ;  3.499 
C++; greatest_element_of_a_list ; 0.062133789062500000 ; 0.031250000000000000 ; 0.000000000000000000 ; 0.009155273437500000 ;  3.477 
C++; greatest_element_of_a_list ; 0.081909179687500000 ; 0.041442871093750000 ; 0.000000000000000000 ; 0.011657714843750000 ;  3.513 
C++; greatest_element_of_a_list ; 0.061645507812500000 ; 0.031005859375000000 ; 0.000000000000000000 ; 0.009033203125000000 ;  3.505 
C++; greatest_element_of_a_list ; 0.077270507812500000 ; 0.038696289062500000 ; 0.000000000000000000 ; 0.011779785156250000 ;  3.457 
C++; greatest_element_of_a_list ; 0.061462402343750000 ; 0.030639648437500000 ; 0.000000000000000000 ; 0.009155273437500000 ;  3.503 
C++; greatest_element_of_a_list ; 0.489746093750000000 ; 0.027221679687500000 ; 0.000000000000000000 ; 0.172790527343750000 ;  68.479 
C++; greatest_element_of_a_list ; 0.060607910156250000 ; 0.019409179687500000 ; 0.000000000000000000 ; 0.014221191406250000 ;  5.229 
C++; greatest_element_of_a_list ; 0.059082031250000000 ; 0.029418945312500000 ; 0.000000000000000000 ; 0.008850097656250000 ;  3.486 
C++; greatest_element_of_a_list ; 0.081848144531250000 ; 0.041381835937500000 ; 0.000000000000000000 ; 0.011962890625000000 ;  3.393 
C++; greatest_element_of_a_list ; 0.061706542968750000 ; 0.030578613281250000 ; 0.000000000000000000 ; 0.008911132812500000 ;  3.416 
C++; greatest_element_of_a_list ; 0.059326171875000000 ; 0.029907226562500000 ; 0.000000000000000000 ; 0.009216308593750000 ;  3.415 
C++; greatest_element_of_a_list ; 0.076477050781250000 ; 0.037719726562500000 ; 0.000000000000000000 ; 0.011779785156250000 ;  3.392 
C++; greatest_element_of_a_list ; 0.060485839843750000 ; 0.030639648437500000 ; 0.000000000000000000 ; 0.008911132812500000 ;  3.489 
C++; greatest_element_of_a_list ; 0.081054687500000000 ; 0.040954589843750000 ; 0.000000000000000000 ; 0.011779785156250000 ;  3.477 
C++; greatest_element_of_a_list ; 0.061401367187500000 ; 0.030883789062500000 ; 0.000000000000000000 ; 0.008911132812500000 ;  3.511 
Lua; greatest_element_of_a_list ; 8.695007324218750000 ; 3.620849609375000000 ; 0.000000000000000000 ; 1.650451660156250000 ;  607.521 
Lua; greatest_element_of_a_list ; 8.320251464843750000 ; 4.306518554687500000 ; 0.000000000000000000 ; 1.195007324218750000 ;  419.959 
Lua; greatest_element_of_a_list ; 8.237426757812500000 ; 4.262145996093750000 ; 0.000000000000000000 ; 1.185852050781250000 ;  415.929 
Lua; greatest_element_of_a_list ; 8.196289062500000000 ; 4.237792968750000000 ; 0.000000000000000000 ; 1.180419921875000000 ;  413.869 
Lua; greatest_element_of_a_list ; 8.197937011718750000 ; 4.241760253906250000 ; 0.000000000000000000 ; 1.180175781250000000 ;  413.755 
Lua; greatest_element_of_a_list ; 8.199279785156250000 ; 4.242736816406250000 ; 0.000000000000000000 ; 1.180175781250000000 ;  414.813 
Lua; greatest_element_of_a_list ; 8.222534179687500000 ; 4.246215820312500000 ; 0.000000000000000000 ; 1.188415527343750000 ;  414.346 
Lua; greatest_element_of_a_list ; 8.154479980468750000 ; 4.219604492187500000 ; 0.000000000000000000 ; 1.174011230468750000 ;  412.56 
Lua; greatest_element_of_a_list ; 8.247131347656250000 ; 4.262634277343750000 ; 0.000000000000000000 ; 1.185668945312500000 ;  415.822 
Lua; greatest_element_of_a_list ; 8.298767089843750000 ; 4.289978027343750000 ; 0.000000000000000000 ; 1.192687988281250000 ;  418.856 
Lua; greatest_element_of_a_list ; 8.780395507812500000 ; 3.560363769531250000 ; 0.000000000000000000 ; 1.699096679687500000 ;  620.122 
Lua; greatest_element_of_a_list ; 8.285339355468750000 ; 4.285949707031250000 ; 0.000000000000000000 ; 1.195922851562500000 ;  415.474 
Lua; greatest_element_of_a_list ; 9.299621582031250000 ; 4.917541503906250000 ; 0.000000000000000000 ; 1.196411132812500000 ;  417.109 
Lua; greatest_element_of_a_list ; 9.242919921875000000 ; 4.894531250000000000 ; 0.000000000000000000 ; 1.186706542968750000 ;  413.129 
Lua; greatest_element_of_a_list ; 8.364562988281250000 ; 4.334289550781250000 ; 0.000000000000000000 ; 1.196777343750000000 ;  417.056 
Lua; greatest_element_of_a_list ; 8.250000000000000000 ; 4.265869140625000000 ; 0.000000000000000000 ; 1.191223144531250000 ;  414.888 
Lua; greatest_element_of_a_list ; 8.229431152343750000 ; 4.254699707031250000 ; 0.000000000000000000 ; 1.188720703125000000 ;  413.649 
Lua; greatest_element_of_a_list ; 9.173278808593750000 ; 4.857543945312500000 ; 0.000000000000000000 ; 1.182495117187500000 ;  412.687 
Lua; greatest_element_of_a_list ; 8.291931152343750000 ; 4.289306640625000000 ; 0.000000000000000000 ; 1.192077636718750000 ;  414.591 
Lua; greatest_element_of_a_list ; 8.301574707031250000 ; 4.295471191406250000 ; 0.000000000000000000 ; 1.194763183593750000 ;  415.898 
