Racket; remove_duplicate_elements ; 67.481567382812500000 ; 42.861022949218750000 ; 0.000000000000000000 ; 10.986328125000000000 ;  2237.9 
Racket; remove_duplicate_elements ; 8.965270996093750000 ; 5.578491210937500000 ; 0.000000000000000000 ; 1.313781738281250000 ;  328.719 
Racket; remove_duplicate_elements ; 13.721252441406250000 ; 9.551147460937500000 ; 0.000000000000000000 ; 2.034118652343750000 ;  387.576 
Racket; remove_duplicate_elements ; 14.598205566406250000 ; 10.129211425781250000 ; 0.000000000000000000 ; 2.167419433593750000 ;  415.57 
Racket; remove_duplicate_elements ; 13.933898925781250000 ; 9.672790527343750000 ; 0.000000000000000000 ; 2.080749511718750000 ;  394.706 
Racket; remove_duplicate_elements ; 12.908813476562500000 ; 8.903747558593750000 ; 0.000000000000000000 ; 1.875610351562500000 ;  371.845 
Racket; remove_duplicate_elements ; 14.205749511718750000 ; 10.579711914062500000 ; 0.000000000000000000 ; 1.541687011718750000 ;  343.111 
Racket; remove_duplicate_elements ; 8.950622558593750000 ; 5.849060058593750000 ; 0.000000000000000000 ; 1.042114257812500000 ;  312.066 
Racket; remove_duplicate_elements ; 11.052856445312500000 ; 8.023681640625000000 ; 0.000000000000000000 ; 1.008361816406250000 ;  307.789 
Racket; remove_duplicate_elements ; 11.833496093750000000 ; 8.748718261718750000 ; 0.000000000000000000 ; 1.041198730468750000 ;  314.178 
Racket; remove_duplicate_elements ; 9.283325195312500000 ; 6.282470703125000000 ; 0.000000000000000000 ; 1.177734375000000000 ;  314.529 
Racket; remove_duplicate_elements ; 9.361816406250000000 ; 6.338073730468750000 ; 0.000000000000000000 ; 1.176086425781250000 ;  318.4 
Racket; remove_duplicate_elements ; 9.484436035156250000 ; 6.421142578125000000 ; 0.000000000000000000 ; 1.184875488281250000 ;  320.961 
Racket; remove_duplicate_elements ; 9.400512695312500000 ; 6.364196777343750000 ; 0.000000000000000000 ; 1.174743652343750000 ;  319.277 
Racket; remove_duplicate_elements ; 9.434020996093750000 ; 6.387084960937500000 ; 0.000000000000000000 ; 1.181030273437500000 ;  319.775 
Racket; remove_duplicate_elements ; 9.374572753906250000 ; 6.345520019531250000 ; 0.000000000000000000 ; 1.188964843750000000 ;  316.629 
Racket; remove_duplicate_elements ; 9.414245605468750000 ; 6.375610351562500000 ; 0.000000000000000000 ; 1.185302734375000000 ;  318.83 
Racket; remove_duplicate_elements ; 9.404846191406250000 ; 6.367553710937500000 ; 0.000000000000000000 ; 1.197937011718750000 ;  316.93 
Racket; remove_duplicate_elements ; 9.367980957031250000 ; 6.342041015625000000 ; 0.000000000000000000 ; 1.197631835937500000 ;  317.181 
Racket; remove_duplicate_elements ; 9.359191894531250000 ; 6.336853027343750000 ; 0.000000000000000000 ; 1.194702148437500000 ;  315.5 
Go; remove_duplicate_elements ; 1.640625000000000000 ; 0.178344726562500000 ; 0.000000000000000000 ; 0.502807617187500000 ;  205.942 
Go; remove_duplicate_elements ; 0.395751953125000000 ; 0.127197265625000000 ; 0.000000000000000000 ; 0.082153320312500000 ;  32.891 
Go; remove_duplicate_elements ; 0.274841308593750000 ; 0.148193359375000000 ; 0.000000000000000000 ; 0.033203125000000000 ;  13.164 
Go; remove_duplicate_elements ; 0.301940917968750000 ; 0.165527343750000000 ; 0.000000000000000000 ; 0.033386230468750000 ;  13.293 
Go; remove_duplicate_elements ; 0.336791992187500000 ; 0.192993164062500000 ; 0.000000000000000000 ; 0.036376953125000000 ;  13.438 
Go; remove_duplicate_elements ; 0.306213378906250000 ; 0.173217773437500000 ; 0.000000000000000000 ; 0.033569335937500000 ;  13.283 
Go; remove_duplicate_elements ; 0.295166015625000000 ; 0.163269042968750000 ; 0.000000000000000000 ; 0.033264160156250000 ;  12.784 
Go; remove_duplicate_elements ; 0.292663574218750000 ; 0.162353515625000000 ; 0.000000000000000000 ; 0.033203125000000000 ;  13.027 
Go; remove_duplicate_elements ; 0.563537597656250000 ; 0.374938964843750000 ; 0.000000000000000000 ; 0.054138183593750000 ;  19.062 
Go; remove_duplicate_elements ; 0.354064941406250000 ; 0.228820800781250000 ; 0.000000000000000000 ; 0.034973144531250000 ;  13.307 
Go; remove_duplicate_elements ; 0.392639160156250000 ; 0.269531250000000000 ; 0.000000000000000000 ; 0.040893554687500000 ;  13.321 
Go; remove_duplicate_elements ; 0.392578125000000000 ; 0.268859863281250000 ; 0.000000000000000000 ; 0.041748046875000000 ;  13.366 
Go; remove_duplicate_elements ; 0.424194335937500000 ; 0.290710449218750000 ; 0.000000000000000000 ; 0.044982910156250000 ;  13.374 
Go; remove_duplicate_elements ; 0.392333984375000000 ; 0.269104003906250000 ; 0.000000000000000000 ; 0.041076660156250000 ;  13.364 
Go; remove_duplicate_elements ; 0.393310546875000000 ; 0.269348144531250000 ; 0.000000000000000000 ; 0.040954589843750000 ;  13.497 
Go; remove_duplicate_elements ; 0.424438476562500000 ; 0.290954589843750000 ; 0.000000000000000000 ; 0.044860839843750000 ;  13.425 
Go; remove_duplicate_elements ; 0.393737792968750000 ; 0.269958496093750000 ; 0.000000000000000000 ; 0.041748046875000000 ;  13.566 
Go; remove_duplicate_elements ; 0.426269531250000000 ; 0.292297363281250000 ; 0.000000000000000000 ; 0.045043945312500000 ;  13.308 
Go; remove_duplicate_elements ; 0.393066406250000000 ; 0.269653320312500000 ; 0.000000000000000000 ; 0.040649414062500000 ;  13.479 
Go; remove_duplicate_elements ; 0.393676757812500000 ; 0.289916992187500000 ; 0.000000000000000000 ; 0.044921875000000000 ;  13.437 
Ruby; remve_duplicate_elements ; 13.614196777343750000 ; 4.244934082031250000 ; 0.000000000000000000 ; 2.837524414062500000 ;  1157.81 
Ruby; remve_duplicate_elements ; 6.403808593750000000 ; 3.754211425781250000 ; 0.000000000000000000 ; 0.656005859375000000 ;  260.767 
Ruby; remve_duplicate_elements ; 5.850341796875000000 ; 3.278320312500000000 ; 0.000000000000000000 ; 0.636169433593750000 ;  256.299 
Ruby; remve_duplicate_elements ; 7.714721679687500000 ; 5.216735839843750000 ; 0.000000000000000000 ; 0.643554687500000000 ;  260.081 
Ruby; remve_duplicate_elements ; 7.568725585937500000 ; 4.870544433593750000 ; 0.000000000000000000 ; 0.653869628906250000 ;  263.154 
Ruby; remve_duplicate_elements ; 6.394287109375000000 ; 3.746398925781250000 ; 0.000000000000000000 ; 0.640930175781250000 ;  257.54 
Ruby; remve_duplicate_elements ; 5.988708496093750000 ; 3.398376464843750000 ; 0.000000000000000000 ; 0.639221191406250000 ;  256.307 
Ruby; remve_duplicate_elements ; 10.118713378906250000 ; 7.571533203125000000 ; 0.000000000000000000 ; 0.766540527343750000 ;  264.433 
Ruby; remve_duplicate_elements ; 8.120178222656250000 ; 5.509948730468750000 ; 0.000000000000000000 ; 0.793273925781250000 ;  265.182 
Ruby; remve_duplicate_elements ; 5.592407226562500000 ; 3.120178222656250000 ; 0.000000000000000000 ; 0.626281738281250000 ;  252.362 
Ruby; remve_duplicate_elements ; 7.756530761718750000 ; 5.352966308593750000 ; 0.000000000000000000 ; 0.758178710937500000 ;  258.512 
Ruby; remve_duplicate_elements ; 7.692321777343750000 ; 5.310363769531250000 ; 0.000000000000000000 ; 0.751953125000000000 ;  256.785 
Ruby; remve_duplicate_elements ; 7.815307617187500000 ; 5.403930664062500000 ; 0.000000000000000000 ; 0.756591796875000000 ;  259.142 
Ruby; remve_duplicate_elements ; 7.812377929687500000 ; 5.391967773437500000 ; 0.000000000000000000 ; 0.762573242187500000 ;  260.424 
Ruby; remve_duplicate_elements ; 7.842468261718750000 ; 5.408874511718750000 ; 0.000000000000000000 ; 0.767272949218750000 ;  261.951 
Ruby; remve_duplicate_elements ; 7.869384765625000000 ; 5.426818847656250000 ; 0.000000000000000000 ; 0.772399902343750000 ;  262.255 
Ruby; remve_duplicate_elements ; 7.659851074218750000 ; 5.288574218750000000 ; 0.000000000000000000 ; 0.751892089843750000 ;  256.17 
Ruby; remve_duplicate_elements ; 7.915527343750000000 ; 5.451660156250000000 ; 0.000000000000000000 ; 0.783691406250000000 ;  266.529 
Ruby; remve_duplicate_elements ; 7.676025390625000000 ; 5.304077148437500000 ; 0.000000000000000000 ; 0.757080078125000000 ;  255.73 
Ruby; remve_duplicate_elements ; 7.700134277343750000 ; 5.316955566406250000 ; 0.000000000000000000 ; 0.755371093750000000 ;  256.169 
JavaScript; remove_duplicate_element ; 17.966003417968750000 ; 3.223327636718750000 ; 0.000000000000000000 ; 5.073242187500000000 ;  2069.59 
JavaScript; remove_duplicate_element ; 1.718261718750000000 ; 1.045288085937500000 ; 0.000000000000000000 ; 0.185791015625000000 ;  69.991 
JavaScript; remove_duplicate_element ; 1.952392578125000000 ; 1.259643554687500000 ; 0.000000000000000000 ; 0.191406250000000000 ;  69.429 
JavaScript; remove_duplicate_element ; 1.776184082031250000 ; 1.091613769531250000 ; 0.000000000000000000 ; 0.187316894531250000 ;  68.975 
JavaScript; remove_duplicate_element ; 1.747070312500000000 ; 1.060913085937500000 ; 0.000000000000000000 ; 0.189025878906250000 ;  69.563 
JavaScript; remove_duplicate_element ; 1.756713867187500000 ; 1.081604003906250000 ; 0.000000000000000000 ; 0.188720703125000000 ;  68.883 
JavaScript; remove_duplicate_element ; 1.841918945312500000 ; 1.142944335937500000 ; 0.000000000000000000 ; 0.188903808593750000 ;  69.535 
JavaScript; remove_duplicate_element ; 1.831420898437500000 ; 1.123413085937500000 ; 0.000000000000000000 ; 0.193542480468750000 ;  69.606 
JavaScript; remove_duplicate_element ; 2.297485351562500000 ; 1.615661621093750000 ; 0.000000000000000000 ; 0.203002929687500000 ;  70.758 
JavaScript; remove_duplicate_element ; 2.728393554687500000 ; 2.034179687500000000 ; 0.000000000000000000 ; 0.217956542968750000 ;  71.961 
JavaScript; remove_duplicate_element ; 2.131896972656250000 ; 1.448425292968750000 ; 0.000000000000000000 ; 0.264953613281250000 ;  72.394 
JavaScript; remove_duplicate_element ; 2.157897949218750000 ; 1.467285156250000000 ; 0.000000000000000000 ; 0.268249511718750000 ;  73.374 
JavaScript; remove_duplicate_element ; 2.130004882812500000 ; 1.448791503906250000 ; 0.000000000000000000 ; 0.262817382812500000 ;  72.5 
JavaScript; remove_duplicate_element ; 2.165161132812500000 ; 1.470947265625000000 ; 0.000000000000000000 ; 0.269226074218750000 ;  72.879 
JavaScript; remove_duplicate_element ; 2.134765625000000000 ; 1.451904296875000000 ; 0.000000000000000000 ; 0.264343261718750000 ;  72.902 
JavaScript; remove_duplicate_element ; 2.186279296875000000 ; 1.484558105468750000 ; 0.000000000000000000 ; 0.270324707031250000 ;  74.405 
JavaScript; remove_duplicate_element ; 2.165832519531250000 ; 1.473754882812500000 ; 0.000000000000000000 ; 0.267639160156250000 ;  72.969 
JavaScript; remove_duplicate_element ; 2.133544921875000000 ; 1.449951171875000000 ; 0.000000000000000000 ; 0.266845703125000000 ;  72.501 
JavaScript; remove_duplicate_element ; 2.161499023437500000 ; 1.467224121093750000 ; 0.000000000000000000 ; 0.266479492187500000 ;  73.403 
JavaScript; remove_duplicate_element ; 2.157226562500000000 ; 1.465026855468750000 ; 0.000000000000000000 ; 0.266662597656250000 ;  73.452 
Java; remove_duplicate_elements ; 50.740539550781250000 ; 10.070251464843750000 ; 0.000000000000000000 ; 14.091613769531250000 ;  5653.7 
Java; remove_duplicate_elements ; 8.288330078125000000 ; 6.027587890625000000 ; 0.000000000000000000 ; 0.673950195312500000 ;  227.364 
Java; remove_duplicate_elements ; 7.482055664062500000 ; 5.395751953125000000 ; 0.000000000000000000 ; 0.601135253906250000 ;  206.446 
Java; remove_duplicate_elements ; 8.847656250000000000 ; 6.541870117187500000 ; 0.000000000000000000 ; 0.709777832031250000 ;  234.771 
Java; remove_duplicate_elements ; 9.504943847656250000 ; 7.122619628906250000 ; 0.000000000000000000 ; 0.776611328125000000 ;  243.575 
Java; remove_duplicate_elements ; 7.950317382812500000 ; 5.874389648437500000 ; 0.000000000000000000 ; 0.625305175781250000 ;  212.479 
Java; remove_duplicate_elements ; 9.405456542968750000 ; 6.927368164062500000 ; 0.000000000000000000 ; 0.792480468750000000 ;  257.755 
Java; remove_duplicate_elements ; 7.771057128906250000 ; 5.597717285156250000 ; 0.000000000000000000 ; 0.687133789062500000 ;  231.737 
Java; remove_duplicate_elements ; 6.581481933593750000 ; 4.589843750000000000 ; 0.000000000000000000 ; 0.552490234375000000 ;  197.481 
Java; remove_duplicate_elements ; 7.333618164062500000 ; 5.172241210937500000 ; 0.000000000000000000 ; 0.625854492187500000 ;  220.202 
Java; remove_duplicate_elements ; 9.238647460937500000 ; 6.981079101562500000 ; 0.000000000000000000 ; 0.938354492187500000 ;  234.754 
Java; remove_duplicate_elements ; 9.213745117187500000 ; 6.951171875000000000 ; 0.000000000000000000 ; 0.938476562500000000 ;  234.459 
Java; remove_duplicate_elements ; 9.093383789062500000 ; 6.877990722656250000 ; 0.000000000000000000 ; 0.917724609375000000 ;  230.427 
Java; remove_duplicate_elements ; 8.928833007812500000 ; 6.772705078125000000 ; 0.000000000000000000 ; 0.904235839843750000 ;  223.37 
Java; remove_duplicate_elements ; 9.017639160156250000 ; 6.815246582031250000 ; 0.000000000000000000 ; 0.919128417968750000 ;  230.046 
Java; remove_duplicate_elements ; 9.703735351562500000 ; 7.347412109375000000 ; 0.000000000000000000 ; 0.989074707031250000 ;  242.886 
Java; remove_duplicate_elements ; 9.443847656250000000 ; 7.187011718750000000 ; 0.000000000000000000 ; 0.950500488281250000 ;  235.171 
Java; remove_duplicate_elements ; 10.064147949218750000 ; 7.623107910156250000 ; 0.000000000000000000 ; 1.025207519531250000 ;  253.456 
Java; remove_duplicate_elements ; 8.772033691406250000 ; 6.635986328125000000 ; 0.000000000000000000 ; 0.887145996093750000 ;  221.146 
Java; remove_duplicate_elements ; 9.871093750000000000 ; 7.500183105468750000 ; 0.000000000000000000 ; 0.995849609375000000 ;  244.479 
CSharp; remove_duplicate_elements ; 24.794921875000000000 ; 1.196533203125000000 ; 0.000000000000000000 ; 8.445312500000000000 ;  3470.42 
CSharp; remove_duplicate_elements ; 0.843200683593750000 ; 0.252258300781250000 ; 0.000000000000000000 ; 0.188293457031250000 ;  75.426 
CSharp; remove_duplicate_elements ; 0.950744628906250000 ; 0.494140625000000000 ; 0.000000000000000000 ; 0.123291015625000000 ;  48.293 
CSharp; remove_duplicate_elements ; 0.937988281250000000 ; 0.476379394531250000 ; 0.000000000000000000 ; 0.119262695312500000 ;  46.577 
CSharp; remove_duplicate_elements ; 0.859191894531250000 ; 0.469177246093750000 ; 0.000000000000000000 ; 0.102661132812500000 ;  40.897 
CSharp; remove_duplicate_elements ; 0.861572265625000000 ; 0.461669921875000000 ; 0.000000000000000000 ; 0.101989746093750000 ;  39.924 
CSharp; remove_duplicate_elements ; 1.031433105468750000 ; 0.617492675781250000 ; 0.000000000000000000 ; 0.109680175781250000 ;  40.958 
CSharp; remove_duplicate_elements ; 0.930603027343750000 ; 0.525207519531250000 ; 0.000000000000000000 ; 0.106811523437500000 ;  40.5 
CSharp; remove_duplicate_elements ; 0.980590820312500000 ; 0.589782714843750000 ; 0.000000000000000000 ; 0.104919433593750000 ;  40.77 
CSharp; remove_duplicate_elements ; 0.902648925781250000 ; 0.516479492187500000 ; 0.000000000000000000 ; 0.103027343750000000 ;  40.026 
CSharp; remove_duplicate_elements ; 1.228393554687500000 ; 0.828979492187500000 ; 0.000000000000000000 ; 0.146423339843750000 ;  42.102 
CSharp; remove_duplicate_elements ; 1.250244140625000000 ; 0.841186523437500000 ; 0.000000000000000000 ; 0.149108886718750000 ;  43.086 
CSharp; remove_duplicate_elements ; 1.251586914062500000 ; 0.844177246093750000 ; 0.000000000000000000 ; 0.148864746093750000 ;  43.082 
CSharp; remove_duplicate_elements ; 1.253967285156250000 ; 0.846008300781250000 ; 0.000000000000000000 ; 0.148254394531250000 ;  43.087 
CSharp; remove_duplicate_elements ; 1.225280761718750000 ; 0.827514648437500000 ; 0.000000000000000000 ; 0.144592285156250000 ;  42.955 
CSharp; remove_duplicate_elements ; 1.249084472656250000 ; 0.841674804687500000 ; 0.000000000000000000 ; 0.148193359375000000 ;  42.992 
CSharp; remove_duplicate_elements ; 1.261901855468750000 ; 0.850646972656250000 ; 0.000000000000000000 ; 0.146850585937500000 ;  42.888 
CSharp; remove_duplicate_elements ; 1.251220703125000000 ; 0.843627929687500000 ; 0.000000000000000000 ; 0.148071289062500000 ;  42.661 
CSharp; remove_duplicate_elements ; 1.224792480468750000 ; 0.826049804687500000 ; 0.000000000000000000 ; 0.145080566406250000 ;  42.44 
CSharp; remove_duplicate_elements ; 1.263732910156250000 ; 0.851257324218750000 ; 0.000000000000000000 ; 0.148559570312500000 ;  43.124 
Haskell; remove_duplicate_elements ; 0.033935546875000000 ; 0.023193359375000000 ; 0.000000000000000000 ; 0.005126953125000000 ;  0.698 
Haskell; remove_duplicate_elements ; 0.032958984375000000 ; 0.022705078125000000 ; 0.000000000000000000 ; 0.004882812500000000 ;  0.475 
Haskell; remove_duplicate_elements ; 0.000000000000000000 ; 0.000000000000000000 ; 0.000000000000000000 ; 0.000000000000000000 ;  0.434 
Haskell; remove_duplicate_elements ; 0.000000000000000000 ; 0.000000000000000000 ; 0.000000000000000000 ; 0.000000000000000000 ;  0.452 
Haskell; remove_duplicate_elements ; 0.033752441406250000 ; 0.023498535156250000 ; 0.000000000000000000 ; 0.004455566406250000 ;  0.429 
Haskell; remove_duplicate_elements ; 0.000000000000000000 ; 0.000000000000000000 ; 0.000000000000000000 ; 0.000000000000000000 ;  0.44 
Haskell; remove_duplicate_elements ; 0.034118652343750000 ; 0.023803710937500000 ; 0.000000000000000000 ; 0.004333496093750000 ;  0.425 
Haskell; remove_duplicate_elements ; 0.000000000000000000 ; 0.000000000000000000 ; 0.000000000000000000 ; 0.000000000000000000 ;  0.418 
Haskell; remove_duplicate_elements ; 0.034912109375000000 ; 0.024536132812500000 ; 0.000000000000000000 ; 0.003967285156250000 ;  0.422 
Haskell; remove_duplicate_elements ; 0.000000000000000000 ; 0.000000000000000000 ; 0.000000000000000000 ; 0.000000000000000000 ;  0.415 
Haskell; remove_duplicate_elements ; 0.030822753906250000 ; 0.021240234375000000 ; 0.000000000000000000 ; 0.003540039062500000 ;  0.597 
Haskell; remove_duplicate_elements ; 0.000000000000000000 ; 0.000000000000000000 ; 0.000000000000000000 ; 0.000000000000000000 ;  0.529 
Haskell; remove_duplicate_elements ; 0.028747558593750000 ; 0.018981933593750000 ; 0.000000000000000000 ; 0.003295898437500000 ;  0.453 
Haskell; remove_duplicate_elements ; 0.000000000000000000 ; 0.000000000000000000 ; 0.000000000000000000 ; 0.000000000000000000 ;  0.468 
Haskell; remove_duplicate_elements ; 0.028869628906250000 ; 0.019470214843750000 ; 0.000000000000000000 ; 0.003662109375000000 ;  0.485 
Haskell; remove_duplicate_elements ; 0.000000000000000000 ; 0.000000000000000000 ; 0.000000000000000000 ; 0.000000000000000000 ;  0.485 
Haskell; remove_duplicate_elements ; 0.029357910156250000 ; 0.019287109375000000 ; 0.000000000000000000 ; 0.003784179687500000 ;  0.502 
Haskell; remove_duplicate_elements ; 0.000000000000000000 ; 0.000000000000000000 ; 0.000000000000000000 ; 0.000000000000000000 ;  0.493 
Haskell; remove_duplicate_elements ; 0.028381347656250000 ; 0.018554687500000000 ; 0.000000000000000000 ; 0.003479003906250000 ;  0.452 
Haskell; remove_duplicate_elements ; 0.000000000000000000 ; 0.000000000000000000 ; 0.000000000000000000 ; 0.000000000000000000 ;  0.485 
Perl; remove_duplicate_elements ; 5.223754882812500000 ; 1.789978027343750000 ; 0.000000000000000000 ; 1.127197265625000000 ;  424.849 
Perl; remove_duplicate_elements ; 1.134155273437500000 ; 0.623291015625000000 ; 0.000000000000000000 ; 0.163146972656250000 ;  50.037 
Perl; remove_duplicate_elements ; 1.119689941406250000 ; 0.609619140625000000 ; 0.000000000000000000 ; 0.162292480468750000 ;  49.676 
Perl; remove_duplicate_elements ; 1.217651367187500000 ; 0.708435058593750000 ; 0.000000000000000000 ; 0.164550781250000000 ;  50.042 
Perl; remove_duplicate_elements ; 1.341979980468750000 ; 0.847106933593750000 ; 0.000000000000000000 ; 0.159545898437500000 ;  49.783 
Perl; remove_duplicate_elements ; 1.112854003906250000 ; 0.595825195312500000 ; 0.000000000000000000 ; 0.161254882812500000 ;  49.48 
Perl; remove_duplicate_elements ; 1.076416015625000000 ; 0.580688476562500000 ; 0.000000000000000000 ; 0.159118652343750000 ;  49.748 
Perl; remove_duplicate_elements ; 1.163574218750000000 ; 0.651794433593750000 ; 0.000000000000000000 ; 0.164916992187500000 ;  50.006 
Perl; remove_duplicate_elements ; 1.137634277343750000 ; 0.629333496093750000 ; 0.000000000000000000 ; 0.163391113281250000 ;  50.186 
Perl; remove_duplicate_elements ; 1.101196289062500000 ; 0.588317871093750000 ; 0.000000000000000000 ; 0.161254882812500000 ;  49.647 
Perl; remove_duplicate_elements ; 1.609191894531250000 ; 1.085083007812500000 ; 0.000000000000000000 ; 0.233154296875000000 ;  52.787 
Perl; remove_duplicate_elements ; 1.599853515625000000 ; 1.075378417968750000 ; 0.000000000000000000 ; 0.231384277343750000 ;  53.161 
Perl; remove_duplicate_elements ; 1.575561523437500000 ; 1.061035156250000000 ; 0.000000000000000000 ; 0.226257324218750000 ;  52.731 
Perl; remove_duplicate_elements ; 1.599670410156250000 ; 1.077087402343750000 ; 0.000000000000000000 ; 0.230590820312500000 ;  52.768 
Perl; remove_duplicate_elements ; 1.602111816406250000 ; 1.079040527343750000 ; 0.000000000000000000 ; 0.229858398437500000 ;  53.497 
Perl; remove_duplicate_elements ; 1.606811523437500000 ; 1.080261230468750000 ; 0.000000000000000000 ; 0.230407714843750000 ;  53.221 
Perl; remove_duplicate_elements ; 1.598693847656250000 ; 1.076904296875000000 ; 0.000000000000000000 ; 0.231079101562500000 ;  52.731 
Perl; remove_duplicate_elements ; 1.625793457031250000 ; 1.092895507812500000 ; 0.000000000000000000 ; 0.233154296875000000 ;  53.828 
Perl; remove_duplicate_elements ; 1.598632812500000000 ; 1.075805664062500000 ; 0.000000000000000000 ; 0.230102539062500000 ;  53.192 
Perl; remove_duplicate_elements ; 1.601440429687500000 ; 1.078552246093750000 ; 0.000000000000000000 ; 0.229614257812500000 ;  53.035 
OCaml; remove_duplicate_elements ; 0.021545410156250000 ; 0.011840820312500000 ; 0.000000000000000000 ; 0.002685546875000000 ;  0.507 
OCaml; remove_duplicate_elements ; 0.000000000000000000 ; 0.000000000000000000 ; 0.000000000000000000 ; 0.000000000000000000 ;  0.435 
OCaml; remove_duplicate_elements ; 0.021728515625000000 ; 0.011962890625000000 ; 0.000000000000000000 ; 0.002502441406250000 ;  0.419 
OCaml; remove_duplicate_elements ; 0.000000000000000000 ; 0.000000000000000000 ; 0.000000000000000000 ; 0.000000000000000000 ;  0.425 
OCaml; remove_duplicate_elements ; 0.000000000000000000 ; 0.000000000000000000 ; 0.000000000000000000 ; 0.000000000000000000 ;  0.441 
OCaml; remove_duplicate_elements ; 0.021789550781250000 ; 0.012145996093750000 ; 0.000000000000000000 ; 0.002441406250000000 ;  0.441 
OCaml; remove_duplicate_elements ; 0.000000000000000000 ; 0.000000000000000000 ; 0.000000000000000000 ; 0.000000000000000000 ;  0.41 
OCaml; remove_duplicate_elements ; 0.023010253906250000 ; 0.012145996093750000 ; 0.000000000000000000 ; 0.002502441406250000 ;  0.404 
OCaml; remove_duplicate_elements ; 0.000000000000000000 ; 0.000000000000000000 ; 0.000000000000000000 ; 0.000000000000000000 ;  0.4 
OCaml; remove_duplicate_elements ; 0.000000000000000000 ; 0.000000000000000000 ; 0.000000000000000000 ; 0.000000000000000000 ;  0.396 
OCaml; remove_duplicate_elements ; 0.000000000000000000 ; 0.000000000000000000 ; 0.000000000000000000 ; 0.000000000000000000 ;  0.578 
OCaml; remove_duplicate_elements ; 0.029541015625000000 ; 0.019104003906250000 ; 0.000000000000000000 ; 0.004150390625000000 ;  0.581 
OCaml; remove_duplicate_elements ; 0.000000000000000000 ; 0.000000000000000000 ; 0.000000000000000000 ; 0.000000000000000000 ;  0.506 
OCaml; remove_duplicate_elements ; 0.027099609375000000 ; 0.017822265625000000 ; 0.000000000000000000 ; 0.003295898437500000 ;  0.452 
OCaml; remove_duplicate_elements ; 0.000000000000000000 ; 0.000000000000000000 ; 0.000000000000000000 ; 0.000000000000000000 ;  0.463 
OCaml; remove_duplicate_elements ; 0.028442382812500000 ; 0.019165039062500000 ; 0.000000000000000000 ; 0.003295898437500000 ;  0.412 
OCaml; remove_duplicate_elements ; 0.000000000000000000 ; 0.000000000000000000 ; 0.000000000000000000 ; 0.000000000000000000 ;  0.469 
OCaml; remove_duplicate_elements ; 0.029785156250000000 ; 0.019897460937500000 ; 0.000000000000000000 ; 0.003295898437500000 ;  0.47 
OCaml; remove_duplicate_elements ; 0.000000000000000000 ; 0.000000000000000000 ; 0.000000000000000000 ; 0.000000000000000000 ;  0.418 
OCaml; remove_duplicate_elements ; 0.000000000000000000 ; 0.000000000000000000 ; 0.000000000000000000 ; 0.000000000000000000 ;  0.419 
Fortran; remove_duplicate_elements ; 0.023010253906250000 ; 0.014038085937500000 ; 0.000000000000000000 ; 0.002929687500000000 ;  0.538 
Fortran; remove_duplicate_elements ; 0.000000000000000000 ; 0.000000000000000000 ; 0.000000000000000000 ; 0.000000000000000000 ;  0.476 
Fortran; remove_duplicate_elements ; 0.021911621093750000 ; 0.012023925781250000 ; 0.000000000000000000 ; 0.002563476562500000 ;  0.463 
Fortran; remove_duplicate_elements ; 0.000000000000000000 ; 0.000000000000000000 ; 0.000000000000000000 ; 0.000000000000000000 ;  0.469 
Fortran; remove_duplicate_elements ; 0.022033691406250000 ; 0.011779785156250000 ; 0.000000000000000000 ; 0.002502441406250000 ;  0.412 
Fortran; remove_duplicate_elements ; 0.000000000000000000 ; 0.000000000000000000 ; 0.000000000000000000 ; 0.000000000000000000 ;  0.407 
Fortran; remove_duplicate_elements ; 0.024597167968750000 ; 0.013244628906250000 ; 0.000000000000000000 ; 0.002502441406250000 ;  0.429 
Fortran; remove_duplicate_elements ; 0.000000000000000000 ; 0.000000000000000000 ; 0.000000000000000000 ; 0.000000000000000000 ;  0.447 
Fortran; remove_duplicate_elements ; 0.025085449218750000 ; 0.013732910156250000 ; 0.000000000000000000 ; 0.002502441406250000 ;  0.473 
Fortran; remove_duplicate_elements ; 0.000000000000000000 ; 0.000000000000000000 ; 0.000000000000000000 ; 0.000000000000000000 ;  0.441 
Fortran; remove_duplicate_elements ; 0.000000000000000000 ; 0.000000000000000000 ; 0.000000000000000000 ; 0.000000000000000000 ;  0.601 
Fortran; remove_duplicate_elements ; 0.029785156250000000 ; 0.020141601562500000 ; 0.000000000000000000 ; 0.002807617187500000 ;  0.507 
Fortran; remove_duplicate_elements ; 0.000000000000000000 ; 0.000000000000000000 ; 0.000000000000000000 ; 0.000000000000000000 ;  0.488 
Fortran; remove_duplicate_elements ; 0.028930664062500000 ; 0.019348144531250000 ; 0.000000000000000000 ; 0.003540039062500000 ;  0.491 
Fortran; remove_duplicate_elements ; 0.000000000000000000 ; 0.000000000000000000 ; 0.000000000000000000 ; 0.000000000000000000 ;  0.48 
Fortran; remove_duplicate_elements ; 0.028808593750000000 ; 0.019226074218750000 ; 0.000000000000000000 ; 0.003173828125000000 ;  0.475 
Fortran; remove_duplicate_elements ; 0.000000000000000000 ; 0.000000000000000000 ; 0.000000000000000000 ; 0.000000000000000000 ;  0.444 
Fortran; remove_duplicate_elements ; 0.028320312500000000 ; 0.019165039062500000 ; 0.000000000000000000 ; 0.003356933593750000 ;  0.477 
Fortran; remove_duplicate_elements ; 0.000000000000000000 ; 0.000000000000000000 ; 0.000000000000000000 ; 0.000000000000000000 ;  0.484 
Fortran; remove_duplicate_elements ; 0.028625488281250000 ; 0.019226074218750000 ; 0.000000000000000000 ; 0.003601074218750000 ;  0.485 
C; remove_duplicate_elements ; 0.009216308593750000 ; 0.001892089843750000 ; 0.000000000000000000 ; 0.002502441406250000 ;  1.2 
C; remove_duplicate_elements ; 0.009277343750000000 ; 0.002197265625000000 ; 0.000000000000000000 ; 0.002441406250000000 ;  0.969 
C; remove_duplicate_elements ; 0.010070800781250000 ; 0.002929687500000000 ; 0.000000000000000000 ; 0.002502441406250000 ;  0.727 
C; remove_duplicate_elements ; 0.011596679687500000 ; 0.004089355468750000 ; 0.000000000000000000 ; 0.002502441406250000 ;  0.685 
C; remove_duplicate_elements ; 0.000000000000000000 ; 0.000000000000000000 ; 0.000000000000000000 ; 0.000000000000000000 ;  0.69 
C; remove_duplicate_elements ; 0.012573242187500000 ; 0.004577636718750000 ; 0.000000000000000000 ; 0.002441406250000000 ;  0.691 
C; remove_duplicate_elements ; 0.012634277343750000 ; 0.004211425781250000 ; 0.000000000000000000 ; 0.002441406250000000 ;  0.695 
C; remove_duplicate_elements ; 0.000000000000000000 ; 0.000000000000000000 ; 0.000000000000000000 ; 0.000000000000000000 ;  0.688 
C; remove_duplicate_elements ; 0.012817382812500000 ; 0.004577636718750000 ; 0.000000000000000000 ; 0.002502441406250000 ;  0.68 
C; remove_duplicate_elements ; 0.012390136718750000 ; 0.004211425781250000 ; 0.000000000000000000 ; 0.002380371093750000 ;  0.678 
C; remove_duplicate_elements ; 0.030151367187500000 ; 0.019531250000000000 ; 0.000000000000000000 ; 0.004272460937500000 ;  0.569 
C; remove_duplicate_elements ; 0.000000000000000000 ; 0.000000000000000000 ; 0.000000000000000000 ; 0.000000000000000000 ;  0.519 
C; remove_duplicate_elements ; 0.028564453125000000 ; 0.019165039062500000 ; 0.000000000000000000 ; 0.003234863281250000 ;  0.51 
C; remove_duplicate_elements ; 0.000000000000000000 ; 0.000000000000000000 ; 0.000000000000000000 ; 0.000000000000000000 ;  0.532 
C; remove_duplicate_elements ; 0.027343750000000000 ; 0.018005371093750000 ; 0.000000000000000000 ; 0.003417968750000000 ;  0.476 
C; remove_duplicate_elements ; 0.000000000000000000 ; 0.000000000000000000 ; 0.000000000000000000 ; 0.000000000000000000 ;  0.486 
C; remove_duplicate_elements ; 0.027832031250000000 ; 0.018310546875000000 ; 0.000000000000000000 ; 0.003112792968750000 ;  0.518 
C; remove_duplicate_elements ; 0.000000000000000000 ; 0.000000000000000000 ; 0.000000000000000000 ; 0.000000000000000000 ;  0.522 
C; remove_duplicate_elements ; 0.028442382812500000 ; 0.018920898437500000 ; 0.000000000000000000 ; 0.003295898437500000 ;  0.505 
C; remove_duplicate_elements ; 0.000000000000000000 ; 0.000000000000000000 ; 0.000000000000000000 ; 0.000000000000000000 ;  0.497 
Pascal; remove_duplicate_elements ; 0.016723632812500000 ; 0.002624511718750000 ; 0.000000000000000000 ; 0.004943847656250000 ;  1.694 
Pascal; remove_duplicate_elements ; 0.017456054687500000 ; 0.003051757812500000 ; 0.000000000000000000 ; 0.004882812500000000 ;  1.491 
Pascal; remove_duplicate_elements ; 0.009216308593750000 ; 0.001525878906250000 ; 0.000000000000000000 ; 0.002502441406250000 ;  1.416 
Pascal; remove_duplicate_elements ; 0.009094238281250000 ; 0.001831054687500000 ; 0.000000000000000000 ; 0.002441406250000000 ;  1.335 
Pascal; remove_duplicate_elements ; 0.009216308593750000 ; 0.003784179687500000 ; 0.000000000000000000 ; 0.004882812500000000 ;  1.198 
Pascal; remove_duplicate_elements ; 0.009521484375000000 ; 0.001953125000000000 ; 0.000000000000000000 ; 0.002502441406250000 ;  1.178 
Pascal; remove_duplicate_elements ; 0.009216308593750000 ; 0.001953125000000000 ; 0.000000000000000000 ; 0.002441406250000000 ;  1.201 
Pascal; remove_duplicate_elements ; 0.010009765625000000 ; 0.002197265625000000 ; 0.000000000000000000 ; 0.002441406250000000 ;  1.175 
Pascal; remove_duplicate_elements ; 0.009094238281250000 ; 0.001892089843750000 ; 0.000000000000000000 ; 0.002380371093750000 ;  1.183 
Pascal; remove_duplicate_elements ; 0.010009765625000000 ; 0.002197265625000000 ; 0.000000000000000000 ; 0.002502441406250000 ;  1.125 
Pascal; remove_duplicate_elements ; 0.030151367187500000 ; 0.019775390625000000 ; 0.000000000000000000 ; 0.004211425781250000 ;  0.617 
Pascal; remove_duplicate_elements ; 0.000000000000000000 ; 0.000000000000000000 ; 0.000000000000000000 ; 0.000000000000000000 ;  0.568 
Pascal; remove_duplicate_elements ; 0.027832031250000000 ; 0.018676757812500000 ; 0.000000000000000000 ; 0.002929687500000000 ;  0.523 
Pascal; remove_duplicate_elements ; 0.000000000000000000 ; 0.000000000000000000 ; 0.000000000000000000 ; 0.000000000000000000 ;  0.446 
Pascal; remove_duplicate_elements ; 0.027221679687500000 ; 0.018310546875000000 ; 0.000000000000000000 ; 0.003540039062500000 ;  0.46 
Pascal; remove_duplicate_elements ; 0.000000000000000000 ; 0.000000000000000000 ; 0.000000000000000000 ; 0.000000000000000000 ;  0.414 
Pascal; remove_duplicate_elements ; 0.030212402343750000 ; 0.019775390625000000 ; 0.000000000000000000 ; 0.004333496093750000 ;  0.505 
Pascal; remove_duplicate_elements ; 0.000000000000000000 ; 0.000000000000000000 ; 0.000000000000000000 ; 0.000000000000000000 ;  0.491 
Pascal; remove_duplicate_elements ; 0.028991699218750000 ; 0.019409179687500000 ; 0.000000000000000000 ; 0.002807617187500000 ;  0.472 
Pascal; remove_duplicate_elements ; 0.000000000000000000 ; 0.000000000000000000 ; 0.000000000000000000 ; 0.000000000000000000 ;  0.426 
Ada; remove_duplicate_elements ; 0.299499511718750000 ; 0.013671875000000000 ; 0.000000000000000000 ; 0.102233886718750000 ;  41.366 
Ada; remove_duplicate_elements ; 0.023498535156250000 ; 0.007019042968750000 ; 0.000000000000000000 ; 0.005126953125000000 ;  2.341 
Ada; remove_duplicate_elements ; 0.013122558593750000 ; 0.006530761718750000 ; 0.000000000000000000 ; 0.002441406250000000 ;  1.459 
Ada; remove_duplicate_elements ; 0.039733886718750000 ; 0.019897460937500000 ; 0.000000000000000000 ; 0.005065917968750000 ;  1.416 
Ada; remove_duplicate_elements ; 0.020507812500000000 ; 0.010681152343750000 ; 0.000000000000000000 ; 0.002441406250000000 ;  1.384 
Ada; remove_duplicate_elements ; 0.040710449218750000 ; 0.021423339843750000 ; 0.000000000000000000 ; 0.004943847656250000 ;  1.378 
Ada; remove_duplicate_elements ; 0.021118164062500000 ; 0.010864257812500000 ; 0.000000000000000000 ; 0.002502441406250000 ;  1.335 
Ada; remove_duplicate_elements ; 0.020690917968750000 ; 0.010864257812500000 ; 0.000000000000000000 ; 0.002441406250000000 ;  1.432 
Ada; remove_duplicate_elements ; 0.041870117187500000 ; 0.021911621093750000 ; 0.000000000000000000 ; 0.004882812500000000 ;  1.34 
Ada; remove_duplicate_elements ; 0.020080566406250000 ; 0.010742187500000000 ; 0.000000000000000000 ; 0.002502441406250000 ;  1.327 
Ada; remove_duplicate_elements ; 0.029418945312500000 ; 0.019714355468750000 ; 0.000000000000000000 ; 0.003540039062500000 ;  1.719 
Ada; remove_duplicate_elements ; 0.056152343750000000 ; 0.037414550781250000 ; 0.000000000000000000 ; 0.007568359375000000 ;  1.742 
Ada; remove_duplicate_elements ; 0.057373046875000000 ; 0.037780761718750000 ; 0.000000000000000000 ; 0.008483886718750000 ;  1.737 
Ada; remove_duplicate_elements ; 0.026794433593750000 ; 0.017944335937500000 ; 0.000000000000000000 ; 0.003051757812500000 ;  1.582 
Ada; remove_duplicate_elements ; 0.056701660156250000 ; 0.037780761718750000 ; 0.000000000000000000 ; 0.007690429687500000 ;  1.693 
Ada; remove_duplicate_elements ; 0.057067871093750000 ; 0.038146972656250000 ; 0.000000000000000000 ; 0.007873535156250000 ;  1.556 
Ada; remove_duplicate_elements ; 0.028381347656250000 ; 0.018493652343750000 ; 0.000000000000000000 ; 0.004150390625000000 ;  1.747 
Ada; remove_duplicate_elements ; 0.056579589843750000 ; 0.037231445312500000 ; 0.000000000000000000 ; 0.007446289062500000 ;  1.601 
Ada; remove_duplicate_elements ; 0.057067871093750000 ; 0.037902832031250000 ; 0.000000000000000000 ; 0.007446289062500000 ;  1.613 
Ada; remove_duplicate_elements ; 0.030944824218750000 ; 0.021362304687500000 ; 0.000000000000000000 ; 0.004089355468750000 ;  1.533 
Python; remove_duplicate_elements ; 4.788574218750000000 ; 1.820617675781250000 ; 0.000000000000000000 ; 0.934875488281250000 ;  351.499 
Python; remove_duplicate_elements ; 3.981994628906250000 ; 2.072326660156250000 ; 0.000000000000000000 ; 0.551452636718750000 ;  193.949 
Python; remove_duplicate_elements ; 4.016174316406250000 ; 2.085937500000000000 ; 0.000000000000000000 ; 0.551879882812500000 ;  192.783 
Python; remove_duplicate_elements ; 4.000549316406250000 ; 2.082458496093750000 ; 0.000000000000000000 ; 0.546936035156250000 ;  191.687 
Python; remove_duplicate_elements ; 3.975830078125000000 ; 2.070190429687500000 ; 0.000000000000000000 ; 0.550109863281250000 ;  192.542 
Python; remove_duplicate_elements ; 4.031372070312500000 ; 2.102294921875000000 ; 0.000000000000000000 ; 0.551147460937500000 ;  193.367 
Python; remove_duplicate_elements ; 4.029602050781250000 ; 2.098815917968750000 ; 0.000000000000000000 ; 0.551574707031250000 ;  193.232 
Python; remove_duplicate_elements ; 4.341064453125000000 ; 2.308349609375000000 ; 0.000000000000000000 ; 0.550048828125000000 ;  192.346 
Python; remove_duplicate_elements ; 4.013183593750000000 ; 2.092651367187500000 ; 0.000000000000000000 ; 0.549011230468750000 ;  192.551 
Python; remove_duplicate_elements ; 4.044128417968750000 ; 2.109985351562500000 ; 0.000000000000000000 ; 0.553588867187500000 ;  194.808 
Python; remove_duplicate_elements ; 6.071228027343750000 ; 4.084472656250000000 ; 0.000000000000000000 ; 0.815368652343750000 ;  205.294 
Python; remove_duplicate_elements ; 6.076660156250000000 ; 4.096252441406250000 ; 0.000000000000000000 ; 0.815124511718750000 ;  205.721 
Python; remove_duplicate_elements ; 6.082336425781250000 ; 4.094543457031250000 ; 0.000000000000000000 ; 0.816833496093750000 ;  205.93 
Python; remove_duplicate_elements ; 6.081115722656250000 ; 4.094421386718750000 ; 0.000000000000000000 ; 0.817932128906250000 ;  204.607 
Python; remove_duplicate_elements ; 6.098571777343750000 ; 4.105163574218750000 ; 0.000000000000000000 ; 0.821289062500000000 ;  206.394 
Python; remove_duplicate_elements ; 6.131042480468750000 ; 4.126586914062500000 ; 0.000000000000000000 ; 0.826354980468750000 ;  207.66 
Python; remove_duplicate_elements ; 6.064147949218750000 ; 4.080383300781250000 ; 0.000000000000000000 ; 0.819641113281250000 ;  206.155 
Python; remove_duplicate_elements ; 6.145202636718750000 ; 4.140014648437500000 ; 0.000000000000000000 ; 0.823120117187500000 ;  207.454 
Python; remove_duplicate_elements ; 6.059692382812500000 ; 4.079772949218750000 ; 0.000000000000000000 ; 0.815490722656250000 ;  204.061 
Python; remove_duplicate_elements ; 6.174926757812500000 ; 4.156555175781250000 ; 0.000000000000000000 ; 0.829833984375000000 ;  209.872 
Erlang; remove_duplicate_elements ; 3.315368652343750000 ; 1.045654296875000000 ; 0.000000000000000000 ; 0.587829589843750000 ;  237.031 
Erlang; remove_duplicate_elements ; 2.151672363281250000 ; 1.168151855468750000 ; 0.000000000000000000 ; 0.233032226562500000 ;  90.208 
Erlang; remove_duplicate_elements ; 2.160400390625000000 ; 1.170410156250000000 ; 0.000000000000000000 ; 0.236572265625000000 ;  90.718 
Erlang; remove_duplicate_elements ; 2.144714355468750000 ; 1.164978027343750000 ; 0.000000000000000000 ; 0.232910156250000000 ;  90.264 
Erlang; remove_duplicate_elements ; 2.132263183593750000 ; 1.159851074218750000 ; 0.000000000000000000 ; 0.231933593750000000 ;  89.496 
Erlang; remove_duplicate_elements ; 2.190673828125000000 ; 1.194580078125000000 ; 0.000000000000000000 ; 0.233764648437500000 ;  90.69 
Erlang; remove_duplicate_elements ; 2.179504394531250000 ; 1.183532714843750000 ; 0.000000000000000000 ; 0.234436035156250000 ;  89.775 
Erlang; remove_duplicate_elements ; 2.115905761718750000 ; 1.150146484375000000 ; 0.000000000000000000 ; 0.233398437500000000 ;  90.741 
Erlang; remove_duplicate_elements ; 2.165344238281250000 ; 1.174865722656250000 ; 0.000000000000000000 ; 0.236938476562500000 ;  90.273 
Erlang; remove_duplicate_elements ; 2.131713867187500000 ; 1.160400390625000000 ; 0.000000000000000000 ; 0.231201171875000000 ;  90.08 
Erlang; remove_duplicate_elements ; 2.949584960937500000 ; 1.983825683593750000 ; 0.000000000000000000 ; 0.370666503906250000 ;  96.235 
Erlang; remove_duplicate_elements ; 2.990844726562500000 ; 2.010925292968750000 ; 0.000000000000000000 ; 0.369812011718750000 ;  95.94 
Erlang; remove_duplicate_elements ; 2.986450195312500000 ; 2.006713867187500000 ; 0.000000000000000000 ; 0.369506835937500000 ;  96.275 
Erlang; remove_duplicate_elements ; 2.981201171875000000 ; 2.001892089843750000 ; 0.000000000000000000 ; 0.368835449218750000 ;  95.691 
Erlang; remove_duplicate_elements ; 2.939086914062500000 ; 1.975402832031250000 ; 0.000000000000000000 ; 0.367004394531250000 ;  95.603 
Erlang; remove_duplicate_elements ; 2.944580078125000000 ; 1.977233886718750000 ; 0.000000000000000000 ; 0.368591308593750000 ;  95.667 
Erlang; remove_duplicate_elements ; 3.020751953125000000 ; 2.024719238281250000 ; 0.000000000000000000 ; 0.373229980468750000 ;  96.46 
Erlang; remove_duplicate_elements ; 2.936096191406250000 ; 1.975891113281250000 ; 0.000000000000000000 ; 0.362060546875000000 ;  94.563 
Erlang; remove_duplicate_elements ; 2.972595214843750000 ; 2.001342773437500000 ; 0.000000000000000000 ; 0.366455078125000000 ;  95.17 
Erlang; remove_duplicate_elements ; 2.973693847656250000 ; 2.002197265625000000 ; 0.000000000000000000 ; 0.366271972656250000 ;  95.574 
Rust; remove_duplicate_elements ; 0.010681152343750000 ; 0.002624511718750000 ; 0.000000000000000000 ; 0.002563476562500000 ;  1.165 
Rust; remove_duplicate_elements ; 0.009826660156250000 ; 0.002563476562500000 ; 0.000000000000000000 ; 0.002380371093750000 ;  1.03 
Rust; remove_duplicate_elements ; 0.010864257812500000 ; 0.002868652343750000 ; 0.000000000000000000 ; 0.002441406250000000 ;  1.029 
Rust; remove_duplicate_elements ; 0.011047363281250000 ; 0.002990722656250000 ; 0.000000000000000000 ; 0.002441406250000000 ;  1.001 
Rust; remove_duplicate_elements ; 0.011169433593750000 ; 0.002929687500000000 ; 0.000000000000000000 ; 0.002441406250000000 ;  0.993 
Rust; remove_duplicate_elements ; 0.010925292968750000 ; 0.002929687500000000 ; 0.000000000000000000 ; 0.002502441406250000 ;  1.008 
Rust; remove_duplicate_elements ; 0.011108398437500000 ; 0.002929687500000000 ; 0.000000000000000000 ; 0.002441406250000000 ;  0.963 
Rust; remove_duplicate_elements ; 0.011474609375000000 ; 0.003051757812500000 ; 0.000000000000000000 ; 0.002441406250000000 ;  0.981 
Rust; remove_duplicate_elements ; 0.010925292968750000 ; 0.002807617187500000 ; 0.000000000000000000 ; 0.002380371093750000 ;  0.98 
Rust; remove_duplicate_elements ; 0.010925292968750000 ; 0.002746582031250000 ; 0.000000000000000000 ; 0.002502441406250000 ;  0.955 
Rust; remove_duplicate_elements ; 0.030883789062500000 ; 0.021179199218750000 ; 0.000000000000000000 ; 0.003845214843750000 ;  0.621 
Rust; remove_duplicate_elements ; 0.000000000000000000 ; 0.000000000000000000 ; 0.000000000000000000 ; 0.000000000000000000 ;  0.46 
Rust; remove_duplicate_elements ; 0.029602050781250000 ; 0.019470214843750000 ; 0.000000000000000000 ; 0.004089355468750000 ;  0.505 
Rust; remove_duplicate_elements ; 0.000000000000000000 ; 0.000000000000000000 ; 0.000000000000000000 ; 0.000000000000000000 ;  0.529 
Rust; remove_duplicate_elements ; 0.027404785156250000 ; 0.018493652343750000 ; 0.000000000000000000 ; 0.002868652343750000 ;  0.534 
Rust; remove_duplicate_elements ; 0.000000000000000000 ; 0.000000000000000000 ; 0.000000000000000000 ; 0.000000000000000000 ;  0.519 
Rust; remove_duplicate_elements ; 0.028625488281250000 ; 0.018981933593750000 ; 0.000000000000000000 ; 0.003540039062500000 ;  0.512 
Rust; remove_duplicate_elements ; 0.000000000000000000 ; 0.000000000000000000 ; 0.000000000000000000 ; 0.000000000000000000 ;  0.446 
Rust; remove_duplicate_elements ; 0.027893066406250000 ; 0.018493652343750000 ; 0.000000000000000000 ; 0.003723144531250000 ;  0.499 
Rust; remove_duplicate_elements ; 0.000000000000000000 ; 0.000000000000000000 ; 0.000000000000000000 ; 0.000000000000000000 ;  0.515 
C++; remove_duplicate_elements ; 0.099487304687500000 ; 0.022644042968750000 ; 0.000000000000000000 ; 0.024780273437500000 ;  10.358 
C++; remove_duplicate_elements ; 0.088134765625000000 ; 0.041564941406250000 ; 0.000000000000000000 ; 0.012268066406250000 ;  5.133 
C++; remove_duplicate_elements ; 0.107910156250000000 ; 0.054748535156250000 ; 0.000000000000000000 ; 0.012145996093750000 ;  4.916 
C++; remove_duplicate_elements ; 0.106384277343750000 ; 0.054016113281250000 ; 0.000000000000000000 ; 0.012145996093750000 ;  4.935 
C++; remove_duplicate_elements ; 0.106872558593750000 ; 0.054321289062500000 ; 0.000000000000000000 ; 0.012145996093750000 ;  4.949 
C++; remove_duplicate_elements ; 0.108337402343750000 ; 0.055236816406250000 ; 0.000000000000000000 ; 0.012145996093750000 ;  4.9 
C++; remove_duplicate_elements ; 0.107788085937500000 ; 0.055053710937500000 ; 0.000000000000000000 ; 0.012145996093750000 ;  4.93 
C++; remove_duplicate_elements ; 0.100219726562500000 ; 0.050109863281250000 ; 0.000000000000000000 ; 0.012268066406250000 ;  4.885 
C++; remove_duplicate_elements ; 0.105224609375000000 ; 0.052917480468750000 ; 0.000000000000000000 ; 0.012268066406250000 ;  5.089 
C++; remove_duplicate_elements ; 0.106323242187500000 ; 0.054077148437500000 ; 0.000000000000000000 ; 0.012207031250000000 ;  4.916 
C++; remove_duplicate_elements ; 0.145324707031250000 ; 0.096191406250000000 ; 0.000000000000000000 ; 0.018676757812500000 ;  5.258 
C++; remove_duplicate_elements ; 0.142150878906250000 ; 0.094726562500000000 ; 0.000000000000000000 ; 0.018737792968750000 ;  5.339 
C++; remove_duplicate_elements ; 0.172485351562500000 ; 0.113952636718750000 ; 0.000000000000000000 ; 0.023620605468750000 ;  5.281 
C++; remove_duplicate_elements ; 0.142395019531250000 ; 0.095031738281250000 ; 0.000000000000000000 ; 0.018249511718750000 ;  5.391 
C++; remove_duplicate_elements ; 0.170349121093750000 ; 0.112426757812500000 ; 0.000000000000000000 ; 0.022216796875000000 ;  5.39 
C++; remove_duplicate_elements ; 0.142456054687500000 ; 0.094421386718750000 ; 0.000000000000000000 ; 0.018249511718750000 ;  5.319 
C++; remove_duplicate_elements ; 0.143920898437500000 ; 0.095825195312500000 ; 0.000000000000000000 ; 0.019287109375000000 ;  5.324 
C++; remove_duplicate_elements ; 0.142456054687500000 ; 0.093933105468750000 ; 0.000000000000000000 ; 0.020141601562500000 ;  5.364 
C++; remove_duplicate_elements ; 0.170654296875000000 ; 0.113891601562500000 ; 0.000000000000000000 ; 0.022033691406250000 ;  5.366 
C++; remove_duplicate_elements ; 0.142639160156250000 ; 0.094909667968750000 ; 0.000000000000000000 ; 0.018920898437500000 ;  5.439 
Lua; remove_duplicate_elements ; 1.167114257812500000 ; 0.099365234375000000 ; 0.000000000000000000 ; 0.378906250000000000 ;  156.538 
Lua; remove_duplicate_elements ; 0.424560546875000000 ; 0.188232421875000000 ; 0.000000000000000000 ; 0.066101074218750000 ;  27.128 
Lua; remove_duplicate_elements ; 0.419250488281250000 ; 0.226501464843750000 ; 0.000000000000000000 ; 0.049133300781250000 ;  20.405 
Lua; remove_duplicate_elements ; 0.419860839843750000 ; 0.227355957031250000 ; 0.000000000000000000 ; 0.049072265625000000 ;  20.234 
Lua; remove_duplicate_elements ; 0.440429687500000000 ; 0.238220214843750000 ; 0.000000000000000000 ; 0.051513671875000000 ;  20.623 
Lua; remove_duplicate_elements ; 0.432312011718750000 ; 0.235168457031250000 ; 0.000000000000000000 ; 0.049255371093750000 ;  20.348 
Lua; remove_duplicate_elements ; 0.422912597656250000 ; 0.229431152343750000 ; 0.000000000000000000 ; 0.049194335937500000 ;  20.296 
Lua; remove_duplicate_elements ; 0.451232910156250000 ; 0.244995117187500000 ; 0.000000000000000000 ; 0.051757812500000000 ;  20.265 
Lua; remove_duplicate_elements ; 0.534179687500000000 ; 0.351623535156250000 ; 0.000000000000000000 ; 0.049072265625000000 ;  20.214 
Lua; remove_duplicate_elements ; 0.441894531250000000 ; 0.241638183593750000 ; 0.000000000000000000 ; 0.049194335937500000 ;  20.408 
Lua; remove_duplicate_elements ; 0.636352539062500000 ; 0.435546875000000000 ; 0.000000000000000000 ; 0.076538085937500000 ;  20.915 
Lua; remove_duplicate_elements ; 0.636535644531250000 ; 0.434082031250000000 ; 0.000000000000000000 ; 0.078918457031250000 ;  21.007 
Lua; remove_duplicate_elements ; 0.637207031250000000 ; 0.436157226562500000 ; 0.000000000000000000 ; 0.075988769531250000 ;  20.907 
Lua; remove_duplicate_elements ; 0.636474609375000000 ; 0.435607910156250000 ; 0.000000000000000000 ; 0.075988769531250000 ;  20.921 
Lua; remove_duplicate_elements ; 0.637207031250000000 ; 0.435729980468750000 ; 0.000000000000000000 ; 0.077636718750000000 ;  21.006 
Lua; remove_duplicate_elements ; 0.636596679687500000 ; 0.435668945312500000 ; 0.000000000000000000 ; 0.076599121093750000 ;  21.008 
Lua; remove_duplicate_elements ; 0.606506347656250000 ; 0.414672851562500000 ; 0.000000000000000000 ; 0.074035644531250000 ;  20.995 
Lua; remove_duplicate_elements ; 0.667846679687500000 ; 0.457336425781250000 ; 0.000000000000000000 ; 0.080749511718750000 ;  21.164 
Lua; remove_duplicate_elements ; 0.634277343750000000 ; 0.431884765625000000 ; 0.000000000000000000 ; 0.077148437500000000 ;  21.832 
Lua; remove_duplicate_elements ; 0.634948730468750000 ; 0.432678222656250000 ; 0.000000000000000000 ; 0.078430175781250000 ;  20.943 
PHP; remove_duplicate_elements ; 4.363037109375000000 ; 1.293701171875000000 ; 0.000000000000000000 ; 1.000366210937500000 ;  405.522 
PHP; remove_duplicate_elements ; 2.424255371093750000 ; 1.297363281250000000 ; 0.000000000000000000 ; 0.290771484375000000 ;  111.82 
PHP; remove_duplicate_elements ; 2.431213378906250000 ; 1.298645019531250000 ; 0.000000000000000000 ; 0.290710449218750000 ;  112.124 
PHP; remove_duplicate_elements ; 2.426635742187500000 ; 1.298156738281250000 ; 0.000000000000000000 ; 0.288024902343750000 ;  111.771 
PHP; remove_duplicate_elements ; 2.449157714843750000 ; 1.308959960937500000 ; 0.000000000000000000 ; 0.293579101562500000 ;  112.646 
PHP; remove_duplicate_elements ; 2.442749023437500000 ; 1.309448242187500000 ; 0.000000000000000000 ; 0.290527343750000000 ;  112.621 
PHP; remove_duplicate_elements ; 2.441955566406250000 ; 1.306640625000000000 ; 0.000000000000000000 ; 0.291137695312500000 ;  111.753 
PHP; remove_duplicate_elements ; 2.420227050781250000 ; 1.297424316406250000 ; 0.000000000000000000 ; 0.288146972656250000 ;  111.578 
PHP; remove_duplicate_elements ; 2.421264648437500000 ; 1.296264648437500000 ; 0.000000000000000000 ; 0.287902832031250000 ;  111.72 
PHP; remove_duplicate_elements ; 2.445617675781250000 ; 1.308227539062500000 ; 0.000000000000000000 ; 0.290954589843750000 ;  112.112 
PHP; remove_duplicate_elements ; 3.630310058593750000 ; 2.466857910156250000 ; 0.000000000000000000 ; 0.461853027343750000 ;  118.46 
PHP; remove_duplicate_elements ; 3.650268554687500000 ; 2.479187011718750000 ; 0.000000000000000000 ; 0.465454101562500000 ;  118.755 
PHP; remove_duplicate_elements ; 3.766967773437500000 ; 2.557739257812500000 ; 0.000000000000000000 ; 0.477478027343750000 ;  123.193 
PHP; remove_duplicate_elements ; 3.613769531250000000 ; 2.453002929687500000 ; 0.000000000000000000 ; 0.461425781250000000 ;  118.859 
PHP; remove_duplicate_elements ; 4.136535644531250000 ; 2.795654296875000000 ; 0.000000000000000000 ; 0.525634765625000000 ;  136.128 
PHP; remove_duplicate_elements ; 3.633239746093750000 ; 2.469665527343750000 ; 0.000000000000000000 ; 0.461608886718750000 ;  118.489 
PHP; remove_duplicate_elements ; 3.639770507812500000 ; 2.469299316406250000 ; 0.000000000000000000 ; 0.464721679687500000 ;  118.903 
PHP; remove_duplicate_elements ; 3.639770507812500000 ; 2.475524902343750000 ; 0.000000000000000000 ; 0.461914062500000000 ;  118.249 
PHP; remove_duplicate_elements ; 3.641967773437500000 ; 2.475891113281250000 ; 0.000000000000000000 ; 0.461853027343750000 ;  118.588 
PHP; remove_duplicate_elements ; 3.687927246093750000 ; 2.505065917968750000 ; 0.000000000000000000 ; 0.469543457031250000 ;  120.219 
