Racket; sieve_of_eratosthenes ; 3.287475585937500000 ; 1.412475585937500000 ; 0.000000000000000000 ; 0.577270507812500000 ;  217.702 
Racket; sieve_of_eratosthenes ; 2.988281250000000000 ; 1.551025390625000000 ; 0.000000000000000000 ; 0.411376953125000000 ;  148.176 
Racket; sieve_of_eratosthenes ; 3.011352539062500000 ; 1.564880371093750000 ; 0.000000000000000000 ; 0.413696289062500000 ;  149.428 
Racket; sieve_of_eratosthenes ; 3.358093261718750000 ; 1.792968750000000000 ; 0.000000000000000000 ; 0.416198730468750000 ;  149.496 
Racket; sieve_of_eratosthenes ; 2.969299316406250000 ; 1.542724609375000000 ; 0.000000000000000000 ; 0.408447265625000000 ;  147.528 
Racket; sieve_of_eratosthenes ; 2.965515136718750000 ; 1.541870117187500000 ; 0.000000000000000000 ; 0.408508300781250000 ;  147.942 
Racket; sieve_of_eratosthenes ; 3.001098632812500000 ; 1.559936523437500000 ; 0.000000000000000000 ; 0.411010742187500000 ;  148.097 
Racket; sieve_of_eratosthenes ; 2.997985839843750000 ; 1.556579589843750000 ; 0.000000000000000000 ; 0.412414550781250000 ;  148.529 
Racket; sieve_of_eratosthenes ; 3.041992187500000000 ; 1.580017089843750000 ; 0.000000000000000000 ; 0.415588378906250000 ;  149.767 
Racket; sieve_of_eratosthenes ; 2.957885742187500000 ; 1.537597656250000000 ; 0.000000000000000000 ; 0.405578613281250000 ;  146.944 
Racket; sieve_of_eratosthenes ; 2.930969238281250000 ; 1.509033203125000000 ; 0.000000000000000000 ; 0.412109375000000000 ;  149.612 
Racket; sieve_of_eratosthenes ; 2.945617675781250000 ; 1.529724121093750000 ; 0.000000000000000000 ; 0.408508300781250000 ;  147.791 
Racket; sieve_of_eratosthenes ; 3.075805664062500000 ; 1.609497070312500000 ; 0.000000000000000000 ; 0.411010742187500000 ;  148.001 
Racket; sieve_of_eratosthenes ; 3.290161132812500000 ; 1.744201660156250000 ; 0.000000000000000000 ; 0.411071777343750000 ;  148.055 
Racket; sieve_of_eratosthenes ; 2.939025878906250000 ; 1.527282714843750000 ; 0.000000000000000000 ; 0.408996582031250000 ;  147.675 
Racket; sieve_of_eratosthenes ; 2.961730957031250000 ; 1.537292480468750000 ; 0.000000000000000000 ; 0.411437988281250000 ;  148.056 
Racket; sieve_of_eratosthenes ; 2.967529296875000000 ; 1.542846679687500000 ; 0.000000000000000000 ; 0.410339355468750000 ;  148.457 
Racket; sieve_of_eratosthenes ; 2.962768554687500000 ; 1.539306640625000000 ; 0.000000000000000000 ; 0.411193847656250000 ;  148.046 
Racket; sieve_of_eratosthenes ; 2.960510253906250000 ; 1.535827636718750000 ; 0.000000000000000000 ; 0.410766601562500000 ;  148.768 
Racket; sieve_of_eratosthenes ; 2.957458496093750000 ; 1.536193847656250000 ; 0.000000000000000000 ; 0.410766601562500000 ;  148.334 
Go; sieve_of_eratosthenes ; 0.179138183593750000 ; 0.056030273437500000 ; 0.000000000000000000 ; 0.041564941406250000 ;  17.525 
Go; sieve_of_eratosthenes ; 0.158935546875000000 ; 0.070739746093750000 ; 0.000000000000000000 ; 0.026916503906250000 ;  11.276 
Go; sieve_of_eratosthenes ; 0.161621093750000000 ; 0.079223632812500000 ; 0.000000000000000000 ; 0.024353027343750000 ;  10.027 
Go; sieve_of_eratosthenes ; 0.182922363281250000 ; 0.096435546875000000 ; 0.000000000000000000 ; 0.024291992187500000 ;  9.286 
Go; sieve_of_eratosthenes ; 0.164306640625000000 ; 0.088012695312500000 ; 0.000000000000000000 ; 0.021972656250000000 ;  8.982 
Go; sieve_of_eratosthenes ; 0.148498535156250000 ; 0.081359863281250000 ; 0.000000000000000000 ; 0.019409179687500000 ;  8.631 
Go; sieve_of_eratosthenes ; 0.175720214843750000 ; 0.099426269531250000 ; 0.000000000000000000 ; 0.021911621093750000 ;  8.449 
Go; sieve_of_eratosthenes ; 0.161193847656250000 ; 0.091857910156250000 ; 0.000000000000000000 ; 0.019531250000000000 ;  8.136 
Go; sieve_of_eratosthenes ; 0.173217773437500000 ; 0.101379394531250000 ; 0.000000000000000000 ; 0.019409179687500000 ;  7.962 
Go; sieve_of_eratosthenes ; 0.156127929687500000 ; 0.092773437500000000 ; 0.000000000000000000 ; 0.017028808593750000 ;  7.682 
Go; sieve_of_eratosthenes ; 0.170104980468750000 ; 0.059753417968750000 ; 0.000000000000000000 ; 0.036743164062500000 ;  14.706 
Go; sieve_of_eratosthenes ; 0.156005859375000000 ; 0.063781738281250000 ; 0.000000000000000000 ; 0.029296875000000000 ;  12.345 
Go; sieve_of_eratosthenes ; 0.172302246093750000 ; 0.076293945312500000 ; 0.000000000000000000 ; 0.029296875000000000 ;  11.245 
Go; sieve_of_eratosthenes ; 0.147338867187500000 ; 0.067138671875000000 ; 0.000000000000000000 ; 0.024353027343750000 ;  10.857 
Go; sieve_of_eratosthenes ; 0.163818359375000000 ; 0.079406738281250000 ; 0.000000000000000000 ; 0.024291992187500000 ;  10.242 
Go; sieve_of_eratosthenes ; 0.172790527343750000 ; 0.086303710937500000 ; 0.000000000000000000 ; 0.024414062500000000 ;  9.868 
Go; sieve_of_eratosthenes ; 0.160034179687500000 ; 0.082275390625000000 ; 0.000000000000000000 ; 0.021911621093750000 ;  9.591 
Go; sieve_of_eratosthenes ; 0.169982910156250000 ; 0.101928710937500000 ; 0.000000000000000000 ; 0.019409179687500000 ;  7.715 
Go; sieve_of_eratosthenes ; 0.182434082031250000 ; 0.125244140625000000 ; 0.000000000000000000 ; 0.014648437500000000 ;  6.103 
Go; sieve_of_eratosthenes ; 0.178405761718750000 ; 0.122375488281250000 ; 0.000000000000000000 ; 0.014587402343750000 ;  6.284 
Ruby; sieve_of_eratosthenes ; 1.000183105468750000 ; 0.200927734375000000 ; 0.000000000000000000 ; 0.264099121093750000 ;  108.207 
Ruby; sieve_of_eratosthenes ; 0.777038574218750000 ; 0.411743164062500000 ; 0.000000000000000000 ; 0.094482421875000000 ;  38.501 
Ruby; sieve_of_eratosthenes ; 0.808349609375000000 ; 0.432067871093750000 ; 0.000000000000000000 ; 0.094665527343750000 ;  38.141 
Ruby; sieve_of_eratosthenes ; 0.785949707031250000 ; 0.418273925781250000 ; 0.000000000000000000 ; 0.094726562500000000 ;  38.097 
Ruby; sieve_of_eratosthenes ; 0.793457031250000000 ; 0.422607421875000000 ; 0.000000000000000000 ; 0.094848632812500000 ;  38.307 
Ruby; sieve_of_eratosthenes ; 0.808349609375000000 ; 0.428161621093750000 ; 0.000000000000000000 ; 0.097412109375000000 ;  38.424 
Ruby; sieve_of_eratosthenes ; 0.798156738281250000 ; 0.424682617187500000 ; 0.000000000000000000 ; 0.094787597656250000 ;  37.929 
Ruby; sieve_of_eratosthenes ; 0.791320800781250000 ; 0.419311523437500000 ; 0.000000000000000000 ; 0.094665527343750000 ;  38.12 
Ruby; sieve_of_eratosthenes ; 0.789611816406250000 ; 0.419494628906250000 ; 0.000000000000000000 ; 0.094665527343750000 ;  38.208 
Ruby; sieve_of_eratosthenes ; 0.797729492187500000 ; 0.425048828125000000 ; 0.000000000000000000 ; 0.094787597656250000 ;  38.235 
Ruby; sieve_of_eratosthenes ; 0.795410156250000000 ; 0.214538574218750000 ; 0.000000000000000000 ; 0.186584472656250000 ;  75.759 
Ruby; sieve_of_eratosthenes ; 0.781921386718750000 ; 0.415832519531250000 ; 0.000000000000000000 ; 0.095092773437500000 ;  38.358 
Ruby; sieve_of_eratosthenes ; 0.789978027343750000 ; 0.418212890625000000 ; 0.000000000000000000 ; 0.097900390625000000 ;  38.646 
Ruby; sieve_of_eratosthenes ; 0.783874511718750000 ; 0.417236328125000000 ; 0.000000000000000000 ; 0.095031738281250000 ;  38.764 
Ruby; sieve_of_eratosthenes ; 0.798339843750000000 ; 0.423645019531250000 ; 0.000000000000000000 ; 0.098022460937500000 ;  38.457 
Ruby; sieve_of_eratosthenes ; 0.796264648437500000 ; 0.424438476562500000 ; 0.000000000000000000 ; 0.095153808593750000 ;  38.733 
Ruby; sieve_of_eratosthenes ; 0.885253906250000000 ; 0.479064941406250000 ; 0.000000000000000000 ; 0.097961425781250000 ;  38.273 
Ruby; sieve_of_eratosthenes ; 0.813781738281250000 ; 0.435607910156250000 ; 0.000000000000000000 ; 0.095092773437500000 ;  38.462 
Ruby; sieve_of_eratosthenes ; 0.784545898437500000 ; 0.417419433593750000 ; 0.000000000000000000 ; 0.095092773437500000 ;  38.097 
Ruby; sieve_of_eratosthenes ; 0.810119628906250000 ; 0.433044433593750000 ; 0.000000000000000000 ; 0.095275878906250000 ;  38.348 
JavaScript; sieve_of_eratosthenes ; 3.286010742187500000 ; 1.789245605468750000 ; 0.000000000000000000 ; 0.419860839843750000 ;  168.402 
JavaScript; sieve_of_eratosthenes ; 3.253479003906250000 ; 2.085021972656250000 ; 0.000000000000000000 ; 0.306213378906250000 ;  121.095 
JavaScript; sieve_of_eratosthenes ; 3.167419433593750000 ; 2.034301757812500000 ; 0.000000000000000000 ; 0.296752929687500000 ;  117.172 
JavaScript; sieve_of_eratosthenes ; 3.243408203125000000 ; 2.077209472656250000 ; 0.000000000000000000 ; 0.298950195312500000 ;  119.055 
JavaScript; sieve_of_eratosthenes ; 3.160949707031250000 ; 2.032104492187500000 ; 0.000000000000000000 ; 0.293884277343750000 ;  115.845 
JavaScript; sieve_of_eratosthenes ; 3.280639648437500000 ; 2.113220214843750000 ; 0.000000000000000000 ; 0.299133300781250000 ;  118.115 
JavaScript; sieve_of_eratosthenes ; 3.296142578125000000 ; 2.112915039062500000 ; 0.000000000000000000 ; 0.301269531250000000 ;  119.781 
JavaScript; sieve_of_eratosthenes ; 3.142822265625000000 ; 2.020568847656250000 ; 0.000000000000000000 ; 0.294616699218750000 ;  116.063 
JavaScript; sieve_of_eratosthenes ; 3.109802246093750000 ; 2.002502441406250000 ; 0.000000000000000000 ; 0.291442871093750000 ;  115.319 
JavaScript; sieve_of_eratosthenes ; 3.172363281250000000 ; 2.042541503906250000 ; 0.000000000000000000 ; 0.294433593750000000 ;  116.344 
JavaScript; sieve_of_eratosthenes ; 3.096618652343750000 ; 1.713500976562500000 ; 0.000000000000000000 ; 0.413452148437500000 ;  165.708 
JavaScript; sieve_of_eratosthenes ; 3.094848632812500000 ; 1.985900878906250000 ; 0.000000000000000000 ; 0.300415039062500000 ;  117.707 
JavaScript; sieve_of_eratosthenes ; 3.079711914062500000 ; 1.980407714843750000 ; 0.000000000000000000 ; 0.294311523437500000 ;  116.547 
JavaScript; sieve_of_eratosthenes ; 3.087158203125000000 ; 1.985168457031250000 ; 0.000000000000000000 ; 0.294250488281250000 ;  116.322 
JavaScript; sieve_of_eratosthenes ; 3.036437988281250000 ; 1.956542968750000000 ; 0.000000000000000000 ; 0.291748046875000000 ;  115.498 
JavaScript; sieve_of_eratosthenes ; 3.057067871093750000 ; 1.965270996093750000 ; 0.000000000000000000 ; 0.291809082031250000 ;  114.526 
JavaScript; sieve_of_eratosthenes ; 3.187011718750000000 ; 2.049438476562500000 ; 0.000000000000000000 ; 0.300537109375000000 ;  120.136 
JavaScript; sieve_of_eratosthenes ; 3.113281250000000000 ; 2.004028320312500000 ; 0.000000000000000000 ; 0.294738769531250000 ;  116.112 
JavaScript; sieve_of_eratosthenes ; 3.062377929687500000 ; 1.969055175781250000 ; 0.000000000000000000 ; 0.293945312500000000 ;  115.504 
JavaScript; sieve_of_eratosthenes ; 3.164184570312500000 ; 2.034973144531250000 ; 0.000000000000000000 ; 0.296936035156250000 ;  117.48 
Java; sieve_of_eratosthenes ; 2.236816406250000000 ; 1.216613769531250000 ; 0.000000000000000000 ; 0.307861328125000000 ;  122.156 
Java; sieve_of_eratosthenes ; 2.332885742187500000 ; 1.455200195312500000 ; 0.000000000000000000 ; 0.220947265625000000 ;  85.845 
Java; sieve_of_eratosthenes ; 2.333251953125000000 ; 1.453308105468750000 ; 0.000000000000000000 ; 0.221435546875000000 ;  85.768 
Java; sieve_of_eratosthenes ; 2.375000000000000000 ; 1.492980957031250000 ; 0.000000000000000000 ; 0.225524902343750000 ;  88.923 
Java; sieve_of_eratosthenes ; 2.154235839843750000 ; 1.408203125000000000 ; 0.000000000000000000 ; 0.201416015625000000 ;  77.784 
Java; sieve_of_eratosthenes ; 2.314880371093750000 ; 1.466857910156250000 ; 0.000000000000000000 ; 0.218750000000000000 ;  85.329 
Java; sieve_of_eratosthenes ; 2.358947753906250000 ; 1.475585937500000000 ; 0.000000000000000000 ; 0.225830078125000000 ;  88.623 
Java; sieve_of_eratosthenes ; 2.396728515625000000 ; 1.493652343750000000 ; 0.000000000000000000 ; 0.233215332031250000 ;  90.579 
Java; sieve_of_eratosthenes ; 2.237487792968750000 ; 1.372253417968750000 ; 0.000000000000000000 ; 0.218811035156250000 ;  85.174 
Java; sieve_of_eratosthenes ; 2.345886230468750000 ; 1.450439453125000000 ; 0.000000000000000000 ; 0.225585937500000000 ;  88.748 
Java; sieve_of_eratosthenes ; 2.216796875000000000 ; 1.178100585937500000 ; 0.000000000000000000 ; 0.295776367187500000 ;  117.072 
Java; sieve_of_eratosthenes ; 2.380004882812500000 ; 1.483398437500000000 ; 0.000000000000000000 ; 0.222106933593750000 ;  86.359 
Java; sieve_of_eratosthenes ; 2.320373535156250000 ; 1.446594238281250000 ; 0.000000000000000000 ; 0.219665527343750000 ;  85.441 
Java; sieve_of_eratosthenes ; 2.400390625000000000 ; 1.496093750000000000 ; 0.000000000000000000 ; 0.230102539062500000 ;  88.472 
Java; sieve_of_eratosthenes ; 2.246826171875000000 ; 1.376647949218750000 ; 0.000000000000000000 ; 0.217895507812500000 ;  85.741 
Java; sieve_of_eratosthenes ; 2.308349609375000000 ; 1.428039550781250000 ; 0.000000000000000000 ; 0.222045898437500000 ;  85.632 
Java; sieve_of_eratosthenes ; 2.354797363281250000 ; 1.463012695312500000 ; 0.000000000000000000 ; 0.226379394531250000 ;  88.762 
Java; sieve_of_eratosthenes ; 2.257934570312500000 ; 1.402404785156250000 ; 0.000000000000000000 ; 0.220031738281250000 ;  85.098 
Java; sieve_of_eratosthenes ; 2.289489746093750000 ; 1.471252441406250000 ; 0.000000000000000000 ; 0.224121093750000000 ;  87.364 
Java; sieve_of_eratosthenes ; 2.169494628906250000 ; 1.339904785156250000 ; 0.000000000000000000 ; 0.216308593750000000 ;  84.034 
Chapel; sieve_of_eratosthenes ; 3343.793090820312500000 ; 1745.265014648437500000 ; 0.004333496093750000 ; 535.491149902343750000 ;  175049 
Chapel; sieve_of_eratosthenes ; 3369.310546875000000000 ; 1763.081970214843750000 ; 0.004577636718750000 ; 537.286315917968750000 ;  175291 
Chapel; sieve_of_eratosthenes ; 3819.128295898437500000 ; 2215.937255859375000000 ; 0.004699707031250000 ; 539.931091308593750000 ;  174705 
Chapel; sieve_of_eratosthenes ; 3604.931335449218750000 ; 1981.284545898437500000 ; 0.005004882812500000 ; 550.050354003906250000 ;  175493 
Chapel; sieve_of_eratosthenes ; 3371.038269042968750000 ; 1767.312683105468750000 ; 0.005676269531250000 ; 534.733886718750000000 ;  174647 
Chapel; sieve_of_eratosthenes ; 3361.579101562500000000 ; 1755.546325683593750000 ; 0.004760742187500000 ; 536.443420410156250000 ;  175129 
Chapel; sieve_of_eratosthenes ; 3368.990722656250000000 ; 1759.748352050781250000 ; 0.004638671875000000 ; 537.748596191406250000 ;  175322 
Chapel; sieve_of_eratosthenes ; 3365.254089355468750000 ; 1757.500976562500000000 ; 0.004455566406250000 ; 536.548339843750000000 ;  175074 
Chapel; sieve_of_eratosthenes ; 3349.967346191406250000 ; 1750.822692871093750000 ; 0.004882812500000000 ; 533.749450683593750000 ;  174482 
Chapel; sieve_of_eratosthenes ; 3365.221008300781250000 ; 1757.304626464843750000 ; 0.004699707031250000 ; 536.677185058593750000 ;  175189 
Chapel; sieve_of_eratosthenes ; 3329.928894042968750000 ; 1738.416259765625000000 ; 0.004272460937500000 ; 534.222900390625000000 ;  174686 
Chapel; sieve_of_eratosthenes ; 3337.768493652343750000 ; 1743.347351074218750000 ; 0.004394531250000000 ; 534.542602539062500000 ;  174573 
Chapel; sieve_of_eratosthenes ; 3338.921203613281250000 ; 1744.609008789062500000 ; 0.004394531250000000 ; 533.750732421875000000 ;  174453 
Chapel; sieve_of_eratosthenes ; 3340.681945800781250000 ; 1745.779602050781250000 ; 0.004577636718750000 ; 533.923034667968750000 ;  174508 
Chapel; sieve_of_eratosthenes ; 3342.580322265625000000 ; 1747.121032714843750000 ; 0.004699707031250000 ; 533.510559082031250000 ;  174435 
Chapel; sieve_of_eratosthenes ; 3349.620849609375000000 ; 1750.412841796875000000 ; 0.004516601562500000 ; 533.968017578125000000 ;  174645 
Chapel; sieve_of_eratosthenes ; 3346.031921386718750000 ; 1748.710205078125000000 ; 0.004699707031250000 ; 533.360656738281250000 ;  174457 
Chapel; sieve_of_eratosthenes ; 3337.597351074218750000 ; 1744.823303222656250000 ; 0.004638671875000000 ; 531.435791015625000000 ;  174107 
Chapel; sieve_of_eratosthenes ; 3349.604675292968750000 ; 1750.123229980468750000 ; 0.004516601562500000 ; 535.404907226562500000 ;  174715 
Chapel; sieve_of_eratosthenes ; 3351.065124511718750000 ; 1750.547607421875000000 ; 0.004455566406250000 ; 534.729309082031250000 ;  174907 
Haskell; sieve_of_eratosthenes ; 0.232543945312500000 ; 0.051757812500000000 ; 0.000000000000000000 ; 0.059387207031250000 ;  24.586 
Haskell; sieve_of_eratosthenes ; 0.184020996093750000 ; 0.053588867187500000 ; 0.000000000000000000 ; 0.043457031250000000 ;  17.003 
Haskell; sieve_of_eratosthenes ; 0.217468261718750000 ; 0.076232910156250000 ; 0.000000000000000000 ; 0.042724609375000000 ;  17.228 
Haskell; sieve_of_eratosthenes ; 0.215576171875000000 ; 0.082885742187500000 ; 0.000000000000000000 ; 0.039978027343750000 ;  16.097 
Haskell; sieve_of_eratosthenes ; 0.223632812500000000 ; 0.096801757812500000 ; 0.000000000000000000 ; 0.037475585937500000 ;  14.672 
Haskell; sieve_of_eratosthenes ; 0.153625488281250000 ; 0.065917968750000000 ; 0.000000000000000000 ; 0.025146484375000000 ;  10.302 
Haskell; sieve_of_eratosthenes ; 0.161804199218750000 ; 0.071716308593750000 ; 0.000000000000000000 ; 0.025268554687500000 ;  9.631 
Haskell; sieve_of_eratosthenes ; 0.149719238281250000 ; 0.069396972656250000 ; 0.000000000000000000 ; 0.022705078125000000 ;  9.351 
Haskell; sieve_of_eratosthenes ; 0.156616210937500000 ; 0.074462890625000000 ; 0.000000000000000000 ; 0.022705078125000000 ;  8.84 
Haskell; sieve_of_eratosthenes ; 0.146728515625000000 ; 0.071777343750000000 ; 0.000000000000000000 ; 0.020202636718750000 ;  8.262 
Haskell; sieve_of_eratosthenes ; 0.173522949218750000 ; 0.047607421875000000 ; 0.000000000000000000 ; 0.042480468750000000 ;  17.309 
Haskell; sieve_of_eratosthenes ; 0.173095703125000000 ; 0.053771972656250000 ; 0.000000000000000000 ; 0.037719726562500000 ;  15.292 
Haskell; sieve_of_eratosthenes ; 0.221374511718750000 ; 0.076538085937500000 ; 0.000000000000000000 ; 0.045043945312500000 ;  17.516 
Haskell; sieve_of_eratosthenes ; 0.157165527343750000 ; 0.057067871093750000 ; 0.000000000000000000 ; 0.030212402343750000 ;  12.291 
Haskell; sieve_of_eratosthenes ; 0.163269042968750000 ; 0.062561035156250000 ; 0.000000000000000000 ; 0.030212402343750000 ;  11.542 
Haskell; sieve_of_eratosthenes ; 0.143249511718750000 ; 0.058288574218750000 ; 0.000000000000000000 ; 0.025268554687500000 ;  10.738 
Haskell; sieve_of_eratosthenes ; 0.148071289062500000 ; 0.063171386718750000 ; 0.000000000000000000 ; 0.025390625000000000 ;  10.1 
Haskell; sieve_of_eratosthenes ; 0.158630371093750000 ; 0.070922851562500000 ; 0.000000000000000000 ; 0.025024414062500000 ;  9.403 
Haskell; sieve_of_eratosthenes ; 0.145629882812500000 ; 0.067321777343750000 ; 0.000000000000000000 ; 0.022644042968750000 ;  9.579 
Haskell; sieve_of_eratosthenes ; 0.244506835937500000 ; 0.120727539062500000 ; 0.000000000000000000 ; 0.035278320312500000 ;  13.364 
Perl; sieve_of_eratosthenes ; 1.412048339843750000 ; 0.242004394531250000 ; 0.000000000000000000 ; 0.395812988281250000 ;  160.531 
Perl; sieve_of_eratosthenes ; 0.956359863281250000 ; 0.496154785156250000 ; 0.000000000000000000 ; 0.127197265625000000 ;  49.357 
Perl; sieve_of_eratosthenes ; 0.994934082031250000 ; 0.539916992187500000 ; 0.000000000000000000 ; 0.120178222656250000 ;  45.782 
Perl; sieve_of_eratosthenes ; 0.971252441406250000 ; 0.528808593750000000 ; 0.000000000000000000 ; 0.117187500000000000 ;  45.341 
Perl; sieve_of_eratosthenes ; 0.971618652343750000 ; 0.528137207031250000 ; 0.000000000000000000 ; 0.117370605468750000 ;  45.309 
Perl; sieve_of_eratosthenes ; 0.990539550781250000 ; 0.538269042968750000 ; 0.000000000000000000 ; 0.120422363281250000 ;  45.479 
Perl; sieve_of_eratosthenes ; 0.975341796875000000 ; 0.529907226562500000 ; 0.000000000000000000 ; 0.117248535156250000 ;  45.391 
Perl; sieve_of_eratosthenes ; 0.973510742187500000 ; 0.529541015625000000 ; 0.000000000000000000 ; 0.117370605468750000 ;  45.325 
Perl; sieve_of_eratosthenes ; 0.993286132812500000 ; 0.539184570312500000 ; 0.000000000000000000 ; 0.120178222656250000 ;  45.509 
Perl; sieve_of_eratosthenes ; 0.972961425781250000 ; 0.528076171875000000 ; 0.000000000000000000 ; 0.117309570312500000 ;  45.206 
Perl; sieve_of_eratosthenes ; 0.928039550781250000 ; 0.323547363281250000 ; 0.000000000000000000 ; 0.182617187500000000 ;  72.989 
Perl; sieve_of_eratosthenes ; 0.970642089843750000 ; 0.501098632812500000 ; 0.000000000000000000 ; 0.127319335937500000 ;  48.478 
Perl; sieve_of_eratosthenes ; 1.070861816406250000 ; 0.592285156250000000 ; 0.000000000000000000 ; 0.116943359375000000 ;  45.792 
Perl; sieve_of_eratosthenes ; 0.997436523437500000 ; 0.541625976562500000 ; 0.000000000000000000 ; 0.120239257812500000 ;  45.507 
Perl; sieve_of_eratosthenes ; 0.995056152343750000 ; 0.544433593750000000 ; 0.000000000000000000 ; 0.117980957031250000 ;  45.38 
Perl; sieve_of_eratosthenes ; 0.969665527343750000 ; 0.527648925781250000 ; 0.000000000000000000 ; 0.117187500000000000 ;  45.278 
Perl; sieve_of_eratosthenes ; 0.987426757812500000 ; 0.538757324218750000 ; 0.000000000000000000 ; 0.117065429687500000 ;  45.314 
Perl; sieve_of_eratosthenes ; 1.003845214843750000 ; 0.547668457031250000 ; 0.000000000000000000 ; 0.120544433593750000 ;  45.202 
Perl; sieve_of_eratosthenes ; 0.968566894531250000 ; 0.527709960937500000 ; 0.000000000000000000 ; 0.117065429687500000 ;  45.135 
Perl; sieve_of_eratosthenes ; 0.973205566406250000 ; 0.529785156250000000 ; 0.000000000000000000 ; 0.116821289062500000 ;  45.826 
OCaml; sieve_of_eratosthenes ; 0.097167968750000000 ; 0.021484375000000000 ; 0.000000000000000000 ; 0.026245117187500000 ;  10.113 
OCaml; sieve_of_eratosthenes ; 0.094726562500000000 ; 0.023376464843750000 ; 0.000000000000000000 ; 0.023010253906250000 ;  9.167 
OCaml; sieve_of_eratosthenes ; 0.099609375000000000 ; 0.027832031250000000 ; 0.000000000000000000 ; 0.022644042968750000 ;  8.207 
OCaml; sieve_of_eratosthenes ; 0.088256835937500000 ; 0.027282714843750000 ; 0.000000000000000000 ; 0.017944335937500000 ;  7.564 
OCaml; sieve_of_eratosthenes ; 0.090270996093750000 ; 0.029296875000000000 ; 0.000000000000000000 ; 0.018005371093750000 ;  7.273 
OCaml; sieve_of_eratosthenes ; 0.087585449218750000 ; 0.028625488281250000 ; 0.000000000000000000 ; 0.018188476562500000 ;  7.04 
OCaml; sieve_of_eratosthenes ; 0.092834472656250000 ; 0.032470703125000000 ; 0.000000000000000000 ; 0.017944335937500000 ;  6.846 
OCaml; sieve_of_eratosthenes ; 0.094482421875000000 ; 0.033203125000000000 ; 0.000000000000000000 ; 0.018066406250000000 ;  6.687 
OCaml; sieve_of_eratosthenes ; 0.079589843750000000 ; 0.028808593750000000 ; 0.000000000000000000 ; 0.015747070312500000 ;  6.419 
OCaml; sieve_of_eratosthenes ; 0.099060058593750000 ; 0.036865234375000000 ; 0.000000000000000000 ; 0.018005371093750000 ;  6.495 
OCaml; sieve_of_eratosthenes ; 0.095764160156250000 ; 0.020812988281250000 ; 0.000000000000000000 ; 0.026062011718750000 ;  10.453 
OCaml; sieve_of_eratosthenes ; 0.098327636718750000 ; 0.027282714843750000 ; 0.000000000000000000 ; 0.022705078125000000 ;  8.424 
OCaml; sieve_of_eratosthenes ; 0.087402343750000000 ; 0.028076171875000000 ; 0.000000000000000000 ; 0.018066406250000000 ;  7.469 
OCaml; sieve_of_eratosthenes ; 0.095092773437500000 ; 0.033691406250000000 ; 0.000000000000000000 ; 0.018066406250000000 ;  6.662 
OCaml; sieve_of_eratosthenes ; 0.090881347656250000 ; 0.032165527343750000 ; 0.000000000000000000 ; 0.017944335937500000 ;  6.635 
OCaml; sieve_of_eratosthenes ; 0.078857421875000000 ; 0.028137207031250000 ; 0.000000000000000000 ; 0.015136718750000000 ;  6.349 
OCaml; sieve_of_eratosthenes ; 0.080993652343750000 ; 0.030029296875000000 ; 0.000000000000000000 ; 0.015808105468750000 ;  6.228 
OCaml; sieve_of_eratosthenes ; 0.079895019531250000 ; 0.029724121093750000 ; 0.000000000000000000 ; 0.015563964843750000 ;  6.309 
OCaml; sieve_of_eratosthenes ; 0.085815429687500000 ; 0.033447265625000000 ; 0.000000000000000000 ; 0.015563964843750000 ;  6.114 
OCaml; sieve_of_eratosthenes ; 0.071411132812500000 ; 0.035583496093750000 ; 0.000000000000000000 ; 0.010192871093750000 ;  4.756 
C; sieve_of_eratosthenes ; 0.017517089843750000 ; 0.003051757812500000 ; 0.000000000000000000 ; 0.005004882812500000 ;  1.47 
C; sieve_of_eratosthenes ; 0.008666992187500000 ; 0.002014160156250000 ; 0.000000000000000000 ; 0.002441406250000000 ;  1.086 
C; sieve_of_eratosthenes ; 0.010620117187500000 ; 0.002746582031250000 ; 0.000000000000000000 ; 0.002502441406250000 ;  1.074 
C; sieve_of_eratosthenes ; 0.010314941406250000 ; 0.002563476562500000 ; 0.000000000000000000 ; 0.002441406250000000 ;  1.124 
C; sieve_of_eratosthenes ; 0.010864257812500000 ; 0.002746582031250000 ; 0.000000000000000000 ; 0.002502441406250000 ;  1.024 
C; sieve_of_eratosthenes ; 0.010742187500000000 ; 0.002624511718750000 ; 0.000000000000000000 ; 0.002441406250000000 ;  1.028 
C; sieve_of_eratosthenes ; 0.010681152343750000 ; 0.002746582031250000 ; 0.000000000000000000 ; 0.002441406250000000 ;  1.075 
C; sieve_of_eratosthenes ; 0.009826660156250000 ; 0.002319335937500000 ; 0.000000000000000000 ; 0.002441406250000000 ;  1.045 
C; sieve_of_eratosthenes ; 0.010314941406250000 ; 0.002746582031250000 ; 0.000000000000000000 ; 0.002380371093750000 ;  0.845 
C; sieve_of_eratosthenes ; 0.011657714843750000 ; 0.003295898437500000 ; 0.000000000000000000 ; 0.002502441406250000 ;  0.877 
C; sieve_of_eratosthenes ; 0.009277343750000000 ; 0.001770019531250000 ; 0.000000000000000000 ; 0.002441406250000000 ;  1.404 
C; sieve_of_eratosthenes ; 0.009033203125000000 ; 0.001892089843750000 ; 0.000000000000000000 ; 0.002502441406250000 ;  1.222 
C; sieve_of_eratosthenes ; 0.018798828125000000 ; 0.004028320312500000 ; 0.000000000000000000 ; 0.004943847656250000 ;  1.184 
C; sieve_of_eratosthenes ; 0.009033203125000000 ; 0.001708984375000000 ; 0.000000000000000000 ; 0.002441406250000000 ;  1.303 
C; sieve_of_eratosthenes ; 0.009094238281250000 ; 0.001892089843750000 ; 0.000000000000000000 ; 0.002441406250000000 ;  1.226 
C; sieve_of_eratosthenes ; 0.009277343750000000 ; 0.001953125000000000 ; 0.000000000000000000 ; 0.002502441406250000 ;  1.269 
C; sieve_of_eratosthenes ; 0.009338378906250000 ; 0.002380371093750000 ; 0.000000000000000000 ; 0.002441406250000000 ;  1.047 
C; sieve_of_eratosthenes ; 0.009887695312500000 ; 0.002380371093750000 ; 0.000000000000000000 ; 0.002441406250000000 ;  0.971 
C; sieve_of_eratosthenes ; 0.009948730468750000 ; 0.002380371093750000 ; 0.000000000000000000 ; 0.002441406250000000 ;  0.959 
C; sieve_of_eratosthenes ; 0.010009765625000000 ; 0.002380371093750000 ; 0.000000000000000000 ; 0.002441406250000000 ;  0.997 
Pascal; sieve_of_eratosthenes ; 0.034729003906250000 ; 0.007446289062500000 ; 0.000000000000000000 ; 0.009826660156250000 ;  4.658 
Pascal; sieve_of_eratosthenes ; 0.037170410156250000 ; 0.008056640625000000 ; 0.000000000000000000 ; 0.009887695312500000 ;  4.29 
Pascal; sieve_of_eratosthenes ; 0.040649414062500000 ; 0.010742187500000000 ; 0.000000000000000000 ; 0.009765625000000000 ;  3.736 
Pascal; sieve_of_eratosthenes ; 0.032653808593750000 ; 0.009338378906250000 ; 0.000000000000000000 ; 0.007385253906250000 ;  3.227 
Pascal; sieve_of_eratosthenes ; 0.048950195312500000 ; 0.015686035156250000 ; 0.000000000000000000 ; 0.009765625000000000 ;  3.26 
Pascal; sieve_of_eratosthenes ; 0.025756835937500000 ; 0.008911132812500000 ; 0.000000000000000000 ; 0.004882812500000000 ;  2.652 
Pascal; sieve_of_eratosthenes ; 0.040222167968750000 ; 0.015075683593750000 ; 0.000000000000000000 ; 0.007385253906250000 ;  2.718 
Pascal; sieve_of_eratosthenes ; 0.040588378906250000 ; 0.015075683593750000 ; 0.000000000000000000 ; 0.007324218750000000 ;  2.665 
Pascal; sieve_of_eratosthenes ; 0.026428222656250000 ; 0.009155273437500000 ; 0.000000000000000000 ; 0.004821777343750000 ;  2.617 
Pascal; sieve_of_eratosthenes ; 0.039978027343750000 ; 0.016052246093750000 ; 0.000000000000000000 ; 0.007446289062500000 ;  2.426 
Pascal; sieve_of_eratosthenes ; 0.044799804687500000 ; 0.009338378906250000 ; 0.000000000000000000 ; 0.012329101562500000 ;  4.654 
Pascal; sieve_of_eratosthenes ; 0.040222167968750000 ; 0.010314941406250000 ; 0.000000000000000000 ; 0.009826660156250000 ;  4.137 
Pascal; sieve_of_eratosthenes ; 0.033447265625000000 ; 0.009216308593750000 ; 0.000000000000000000 ; 0.007446289062500000 ;  3.526 
Pascal; sieve_of_eratosthenes ; 0.044799804687500000 ; 0.012878417968750000 ; 0.000000000000000000 ; 0.009704589843750000 ;  3.538 
Pascal; sieve_of_eratosthenes ; 0.034606933593750000 ; 0.009887695312500000 ; 0.000000000000000000 ; 0.007385253906250000 ;  3.283 
Pascal; sieve_of_eratosthenes ; 0.037658691406250000 ; 0.013061523437500000 ; 0.000000000000000000 ; 0.007324218750000000 ;  2.773 
Pascal; sieve_of_eratosthenes ; 0.037658691406250000 ; 0.013000488281250000 ; 0.000000000000000000 ; 0.007324218750000000 ;  2.808 
Pascal; sieve_of_eratosthenes ; 0.024658203125000000 ; 0.007934570312500000 ; 0.000000000000000000 ; 0.004821777343750000 ;  2.798 
Pascal; sieve_of_eratosthenes ; 0.038146972656250000 ; 0.013366699218750000 ; 0.000000000000000000 ; 0.007385253906250000 ;  2.688 
Pascal; sieve_of_eratosthenes ; 0.039611816406250000 ; 0.014709472656250000 ; 0.000000000000000000 ; 0.007263183593750000 ;  2.688 
Ada; sieve_of_eratosthenes ; 0.132812500000000000 ; 0.032348632812500000 ; 0.000000000000000000 ; 0.034484863281250000 ;  13.654 
Ada; sieve_of_eratosthenes ; 0.110534667968750000 ; 0.039245605468750000 ; 0.000000000000000000 ; 0.022155761718750000 ;  9.258 
Ada; sieve_of_eratosthenes ; 0.109558105468750000 ; 0.051818847656250000 ; 0.000000000000000000 ; 0.017150878906250000 ;  6.639 
Ada; sieve_of_eratosthenes ; 0.098632812500000000 ; 0.046997070312500000 ; 0.000000000000000000 ; 0.014648437500000000 ;  6.504 
Ada; sieve_of_eratosthenes ; 0.100463867187500000 ; 0.050415039062500000 ; 0.000000000000000000 ; 0.014709472656250000 ;  6.08 
Ada; sieve_of_eratosthenes ; 0.104370117187500000 ; 0.054077148437500000 ; 0.000000000000000000 ; 0.014770507812500000 ;  5.953 
Ada; sieve_of_eratosthenes ; 0.104675292968750000 ; 0.054260253906250000 ; 0.000000000000000000 ; 0.014709472656250000 ;  5.747 
Ada; sieve_of_eratosthenes ; 0.109558105468750000 ; 0.058532714843750000 ; 0.000000000000000000 ; 0.014648437500000000 ;  5.585 
Ada; sieve_of_eratosthenes ; 0.090026855468750000 ; 0.047607421875000000 ; 0.000000000000000000 ; 0.012268066406250000 ;  5.542 
Ada; sieve_of_eratosthenes ; 0.115722656250000000 ; 0.063049316406250000 ; 0.000000000000000000 ; 0.014770507812500000 ;  5.503 
Ada; sieve_of_eratosthenes ; 0.129028320312500000 ; 0.034423828125000000 ; 0.000000000000000000 ; 0.032165527343750000 ;  12.606 
Ada; sieve_of_eratosthenes ; 0.108459472656250000 ; 0.033874511718750000 ; 0.000000000000000000 ; 0.024597167968750000 ;  10.551 
Ada; sieve_of_eratosthenes ; 0.109924316406250000 ; 0.040405273437500000 ; 0.000000000000000000 ; 0.021972656250000000 ;  8.83 
Ada; sieve_of_eratosthenes ; 0.105407714843750000 ; 0.042480468750000000 ; 0.000000000000000000 ; 0.019531250000000000 ;  7.85 
Ada; sieve_of_eratosthenes ; 0.098632812500000000 ; 0.042053222656250000 ; 0.000000000000000000 ; 0.017150878906250000 ;  7.354 
Ada; sieve_of_eratosthenes ; 0.102294921875000000 ; 0.045715332031250000 ; 0.000000000000000000 ; 0.017089843750000000 ;  7.063 
Ada; sieve_of_eratosthenes ; 0.112365722656250000 ; 0.052978515625000000 ; 0.000000000000000000 ; 0.017089843750000000 ;  6.718 
Ada; sieve_of_eratosthenes ; 0.112670898437500000 ; 0.053894042968750000 ; 0.000000000000000000 ; 0.017150878906250000 ;  6.962 
Ada; sieve_of_eratosthenes ; 0.095642089843750000 ; 0.046020507812500000 ; 0.000000000000000000 ; 0.014648437500000000 ;  6.368 
Ada; sieve_of_eratosthenes ; 0.098999023437500000 ; 0.048950195312500000 ; 0.000000000000000000 ; 0.014709472656250000 ;  6.259 
Python; sieve_of_eratosthenes ; 0.850830078125000000 ; 0.190307617187500000 ; 0.000000000000000000 ; 0.220275878906250000 ;  87.326 
Python; sieve_of_eratosthenes ; 0.780212402343750000 ; 0.413085937500000000 ; 0.000000000000000000 ; 0.100280761718750000 ;  37.571 
Python; sieve_of_eratosthenes ; 0.792602539062500000 ; 0.425720214843750000 ; 0.000000000000000000 ; 0.097473144531250000 ;  37.132 
Python; sieve_of_eratosthenes ; 0.792419433593750000 ; 0.426147460937500000 ; 0.000000000000000000 ; 0.097229003906250000 ;  37.59 
Python; sieve_of_eratosthenes ; 0.808166503906250000 ; 0.432617187500000000 ; 0.000000000000000000 ; 0.100769042968750000 ;  37.408 
Python; sieve_of_eratosthenes ; 0.793151855468750000 ; 0.426208496093750000 ; 0.000000000000000000 ; 0.097167968750000000 ;  37.397 
Python; sieve_of_eratosthenes ; 0.800231933593750000 ; 0.428161621093750000 ; 0.000000000000000000 ; 0.101501464843750000 ;  37.692 
Python; sieve_of_eratosthenes ; 0.802368164062500000 ; 0.431884765625000000 ; 0.000000000000000000 ; 0.097595214843750000 ;  37.677 
Python; sieve_of_eratosthenes ; 0.796813964843750000 ; 0.428527832031250000 ; 0.000000000000000000 ; 0.097045898437500000 ;  37.116 
Python; sieve_of_eratosthenes ; 0.803161621093750000 ; 0.431213378906250000 ; 0.000000000000000000 ; 0.097900390625000000 ;  37.175 
Python; sieve_of_eratosthenes ; 0.808349609375000000 ; 0.238830566406250000 ; 0.000000000000000000 ; 0.184692382812500000 ;  72.286 
Python; sieve_of_eratosthenes ; 0.818237304687500000 ; 0.425292968750000000 ; 0.000000000000000000 ; 0.107666015625000000 ;  39.867 
Python; sieve_of_eratosthenes ; 0.780334472656250000 ; 0.418395996093750000 ; 0.000000000000000000 ; 0.097839355468750000 ;  37.621 
Python; sieve_of_eratosthenes ; 0.819274902343750000 ; 0.439941406250000000 ; 0.000000000000000000 ; 0.100402832031250000 ;  37.907 
Python; sieve_of_eratosthenes ; 0.799316406250000000 ; 0.427307128906250000 ; 0.000000000000000000 ; 0.100952148437500000 ;  37.735 
Python; sieve_of_eratosthenes ; 0.817749023437500000 ; 0.438415527343750000 ; 0.000000000000000000 ; 0.100830078125000000 ;  38.005 
Python; sieve_of_eratosthenes ; 0.792175292968750000 ; 0.425292968750000000 ; 0.000000000000000000 ; 0.097717285156250000 ;  37.699 
Python; sieve_of_eratosthenes ; 0.812438964843750000 ; 0.434936523437500000 ; 0.000000000000000000 ; 0.100708007812500000 ;  37.44 
Python; sieve_of_eratosthenes ; 0.795227050781250000 ; 0.426940917968750000 ; 0.000000000000000000 ; 0.098205566406250000 ;  37.405 
Python; sieve_of_eratosthenes ; 0.814270019531250000 ; 0.436340332031250000 ; 0.000000000000000000 ; 0.100646972656250000 ;  37.614 
FSharp; sieve_of_eratosthenes ; 1.032470703125000000 ; 0.295532226562500000 ; 0.000000000000000000 ; 0.236694335937500000 ;  96.864 
FSharp; sieve_of_eratosthenes ; 0.768554687500000000 ; 0.391967773437500000 ; 0.000000000000000000 ; 0.098571777343750000 ;  39.415 
FSharp; sieve_of_eratosthenes ; 0.820129394531250000 ; 0.427856445312500000 ; 0.000000000000000000 ; 0.102111816406250000 ;  39.174 
FSharp; sieve_of_eratosthenes ; 0.808776855468750000 ; 0.422363281250000000 ; 0.000000000000000000 ; 0.099304199218750000 ;  39.141 
FSharp; sieve_of_eratosthenes ; 0.789001464843750000 ; 0.411865234375000000 ; 0.000000000000000000 ; 0.096679687500000000 ;  38.486 
FSharp; sieve_of_eratosthenes ; 0.799194335937500000 ; 0.417541503906250000 ; 0.000000000000000000 ; 0.099365234375000000 ;  38.854 
FSharp; sieve_of_eratosthenes ; 0.807922363281250000 ; 0.421508789062500000 ; 0.000000000000000000 ; 0.099060058593750000 ;  39.72 
FSharp; sieve_of_eratosthenes ; 0.823425292968750000 ; 0.430847167968750000 ; 0.000000000000000000 ; 0.098999023437500000 ;  38.55 
FSharp; sieve_of_eratosthenes ; 0.807434082031250000 ; 0.422119140625000000 ; 0.000000000000000000 ; 0.099304199218750000 ;  39.012 
FSharp; sieve_of_eratosthenes ; 0.799499511718750000 ; 0.416992187500000000 ; 0.000000000000000000 ; 0.098815917968750000 ;  38.809 
FSharp; sieve_of_eratosthenes ; 0.783264160156250000 ; 0.234985351562500000 ; 0.000000000000000000 ; 0.171447753906250000 ;  69.181 
FSharp; sieve_of_eratosthenes ; 0.775878906250000000 ; 0.386291503906250000 ; 0.000000000000000000 ; 0.104187011718750000 ;  40.901 
FSharp; sieve_of_eratosthenes ; 0.801391601562500000 ; 0.417480468750000000 ; 0.000000000000000000 ; 0.099426269531250000 ;  39.001 
FSharp; sieve_of_eratosthenes ; 0.814208984375000000 ; 0.425292968750000000 ; 0.000000000000000000 ; 0.098693847656250000 ;  39.233 
FSharp; sieve_of_eratosthenes ; 0.811035156250000000 ; 0.423095703125000000 ; 0.000000000000000000 ; 0.098815917968750000 ;  39.019 
FSharp; sieve_of_eratosthenes ; 0.810852050781250000 ; 0.423095703125000000 ; 0.000000000000000000 ; 0.099304199218750000 ;  39.088 
FSharp; sieve_of_eratosthenes ; 0.803771972656250000 ; 0.419311523437500000 ; 0.000000000000000000 ; 0.098937988281250000 ;  38.635 
FSharp; sieve_of_eratosthenes ; 0.806274414062500000 ; 0.421203613281250000 ; 0.000000000000000000 ; 0.098754882812500000 ;  39.286 
FSharp; sieve_of_eratosthenes ; 0.813171386718750000 ; 0.425354003906250000 ; 0.000000000000000000 ; 0.099304199218750000 ;  38.865 
FSharp; sieve_of_eratosthenes ; 0.786560058593750000 ; 0.408264160156250000 ; 0.000000000000000000 ; 0.098754882812500000 ;  39.325 
Erlang; sieve_of_eratosthenes ; 3.470336914062500000 ; 1.486450195312500000 ; 0.000000000000000000 ; 0.548339843750000000 ;  221.097 
Erlang; sieve_of_eratosthenes ; 3.622802734375000000 ; 1.965393066406250000 ; 0.000000000000000000 ; 0.403869628906250000 ;  159.692 
Erlang; sieve_of_eratosthenes ; 3.587463378906250000 ; 1.945678710937500000 ; 0.000000000000000000 ; 0.398864746093750000 ;  157.827 
Erlang; sieve_of_eratosthenes ; 3.570007324218750000 ; 1.949035644531250000 ; 0.000000000000000000 ; 0.397033691406250000 ;  158.774 
Erlang; sieve_of_eratosthenes ; 3.621582031250000000 ; 1.973022460937500000 ; 0.000000000000000000 ; 0.399169921875000000 ;  157.582 
Erlang; sieve_of_eratosthenes ; 3.567443847656250000 ; 1.946044921875000000 ; 0.000000000000000000 ; 0.396301269531250000 ;  157.998 
Erlang; sieve_of_eratosthenes ; 3.682800292968750000 ; 1.998474121093750000 ; 0.000000000000000000 ; 0.402038574218750000 ;  159.172 
Erlang; sieve_of_eratosthenes ; 3.584899902343750000 ; 1.951965332031250000 ; 0.000000000000000000 ; 0.394897460937500000 ;  157.78 
Erlang; sieve_of_eratosthenes ; 3.644592285156250000 ; 1.976562500000000000 ; 0.000000000000000000 ; 0.402526855468750000 ;  159.017 
Erlang; sieve_of_eratosthenes ; 3.597717285156250000 ; 1.947143554687500000 ; 0.000000000000000000 ; 0.399169921875000000 ;  158.165 
Erlang; sieve_of_eratosthenes ; 3.563964843750000000 ; 1.796997070312500000 ; 0.000000000000000000 ; 0.451599121093750000 ;  179.925 
Erlang; sieve_of_eratosthenes ; 3.623046875000000000 ; 1.960876464843750000 ; 0.000000000000000000 ; 0.400756835937500000 ;  160.026 
Erlang; sieve_of_eratosthenes ; 3.697265625000000000 ; 2.006347656250000000 ; 0.000000000000000000 ; 0.406311035156250000 ;  159.759 
Erlang; sieve_of_eratosthenes ; 3.641235351562500000 ; 1.968811035156250000 ; 0.000000000000000000 ; 0.397705078125000000 ;  158.661 
Erlang; sieve_of_eratosthenes ; 3.619567871093750000 ; 1.966064453125000000 ; 0.000000000000000000 ; 0.400817871093750000 ;  159.383 
Erlang; sieve_of_eratosthenes ; 3.637512207031250000 ; 1.971069335937500000 ; 0.000000000000000000 ; 0.398010253906250000 ;  158.383 
Erlang; sieve_of_eratosthenes ; 3.644836425781250000 ; 1.973388671875000000 ; 0.000000000000000000 ; 0.405456542968750000 ;  160.404 
Erlang; sieve_of_eratosthenes ; 3.600219726562500000 ; 1.954467773437500000 ; 0.000000000000000000 ; 0.401062011718750000 ;  159.405 
Erlang; sieve_of_eratosthenes ; 3.616821289062500000 ; 1.960266113281250000 ; 0.000000000000000000 ; 0.401000976562500000 ;  159.256 
Erlang; sieve_of_eratosthenes ; 3.680053710937500000 ; 2.003967285156250000 ; 0.000000000000000000 ; 0.405639648437500000 ;  160.172 
Lisp; sieve_of_eratosthenes ; 0.233825683593750000 ; 0.070800781250000000 ; 0.000000000000000000 ; 0.053771972656250000 ;  21.157 
Lisp; sieve_of_eratosthenes ; 0.216979980468750000 ; 0.078430175781250000 ; 0.000000000000000000 ; 0.042968750000000000 ;  17.575 
Lisp; sieve_of_eratosthenes ; 0.220642089843750000 ; 0.086791992187500000 ; 0.000000000000000000 ; 0.041259765625000000 ;  15.227 
Lisp; sieve_of_eratosthenes ; 0.208862304687500000 ; 0.090454101562500000 ; 0.000000000000000000 ; 0.036193847656250000 ;  14.068 
Lisp; sieve_of_eratosthenes ; 0.201904296875000000 ; 0.090881347656250000 ; 0.000000000000000000 ; 0.033569335937500000 ;  13.334 
Lisp; sieve_of_eratosthenes ; 0.194274902343750000 ; 0.090393066406250000 ; 0.000000000000000000 ; 0.031250000000000000 ;  12.592 
Lisp; sieve_of_eratosthenes ; 0.216796875000000000 ; 0.110046386718750000 ; 0.000000000000000000 ; 0.031433105468750000 ;  11.683 
Lisp; sieve_of_eratosthenes ; 0.240966796875000000 ; 0.148986816406250000 ; 0.000000000000000000 ; 0.023986816406250000 ;  9.087 
Lisp; sieve_of_eratosthenes ; 0.256103515625000000 ; 0.158386230468750000 ; 0.000000000000000000 ; 0.024047851562500000 ;  9.02 
Lisp; sieve_of_eratosthenes ; 0.239074707031250000 ; 0.148620605468750000 ; 0.000000000000000000 ; 0.024047851562500000 ;  8.931 
Lisp; sieve_of_eratosthenes ; 0.225280761718750000 ; 0.063110351562500000 ; 0.000000000000000000 ; 0.056030273437500000 ;  22.526 
Lisp; sieve_of_eratosthenes ; 0.197509765625000000 ; 0.075988769531250000 ; 0.000000000000000000 ; 0.038208007812500000 ;  15.425 
Lisp; sieve_of_eratosthenes ; 0.207946777343750000 ; 0.096862792968750000 ; 0.000000000000000000 ; 0.033325195312500000 ;  12.465 
Lisp; sieve_of_eratosthenes ; 0.184020996093750000 ; 0.106506347656250000 ; 0.000000000000000000 ; 0.023559570312500000 ;  9.646 
Lisp; sieve_of_eratosthenes ; 0.242980957031250000 ; 0.152770996093750000 ; 0.000000000000000000 ; 0.023864746093750000 ;  8.674 
Lisp; sieve_of_eratosthenes ; 0.239501953125000000 ; 0.150451660156250000 ; 0.000000000000000000 ; 0.023620605468750000 ;  8.799 
Lisp; sieve_of_eratosthenes ; 0.219726562500000000 ; 0.137695312500000000 ; 0.000000000000000000 ; 0.020996093750000000 ;  8.425 
Lisp; sieve_of_eratosthenes ; 0.245422363281250000 ; 0.155151367187500000 ; 0.000000000000000000 ; 0.023437500000000000 ;  8.305 
Lisp; sieve_of_eratosthenes ; 0.216552734375000000 ; 0.136718750000000000 ; 0.000000000000000000 ; 0.020812988281250000 ;  8.627 
Lisp; sieve_of_eratosthenes ; 0.261230468750000000 ; 0.164001464843750000 ; 0.000000000000000000 ; 0.023925781250000000 ;  8.715 
Rust; sieve_of_eratosthenes ; 0.067504882812500000 ; 0.010620117187500000 ; 0.000000000000000000 ; 0.020446777343750000 ;  7.854 
Rust; sieve_of_eratosthenes ; 0.059814453125000000 ; 0.010192871093750000 ; 0.000000000000000000 ; 0.017822265625000000 ;  7.119 
Rust; sieve_of_eratosthenes ; 0.055358886718750000 ; 0.011291503906250000 ; 0.000000000000000000 ; 0.015441894531250000 ;  6.185 
Rust; sieve_of_eratosthenes ; 0.049194335937500000 ; 0.010986328125000000 ; 0.000000000000000000 ; 0.012878417968750000 ;  5.82 
Rust; sieve_of_eratosthenes ; 0.065612792968750000 ; 0.016357421875000000 ; 0.000000000000000000 ; 0.015319824218750000 ;  5.39 
Rust; sieve_of_eratosthenes ; 0.056396484375000000 ; 0.014709472656250000 ; 0.000000000000000000 ; 0.012939453125000000 ;  4.96 
Rust; sieve_of_eratosthenes ; 0.044494628906250000 ; 0.011657714843750000 ; 0.000000000000000000 ; 0.010437011718750000 ;  4.768 
Rust; sieve_of_eratosthenes ; 0.060058593750000000 ; 0.018249511718750000 ; 0.000000000000000000 ; 0.012817382812500000 ;  4.409 
Rust; sieve_of_eratosthenes ; 0.048034667968750000 ; 0.015930175781250000 ; 0.000000000000000000 ; 0.010498046875000000 ;  4.387 
Rust; sieve_of_eratosthenes ; 0.047973632812500000 ; 0.014526367187500000 ; 0.000000000000000000 ; 0.010375976562500000 ;  4.136 
Rust; sieve_of_eratosthenes ; 0.052978515625000000 ; 0.014099121093750000 ; 0.000000000000000000 ; 0.013244628906250000 ;  4.74 
Rust; sieve_of_eratosthenes ; 0.046936035156250000 ; 0.013000488281250000 ; 0.000000000000000000 ; 0.010620117187500000 ;  4.615 
Rust; sieve_of_eratosthenes ; 0.054748535156250000 ; 0.019470214843750000 ; 0.000000000000000000 ; 0.007934570312500000 ;  3.607 
Rust; sieve_of_eratosthenes ; 0.057250976562500000 ; 0.020874023437500000 ; 0.000000000000000000 ; 0.010559082031250000 ;  3.653 
Rust; sieve_of_eratosthenes ; 0.048095703125000000 ; 0.019531250000000000 ; 0.000000000000000000 ; 0.008056640625000000 ;  3.114 
Rust; sieve_of_eratosthenes ; 0.049011230468750000 ; 0.020446777343750000 ; 0.000000000000000000 ; 0.007995605468750000 ;  3.074 
Rust; sieve_of_eratosthenes ; 0.049255371093750000 ; 0.020141601562500000 ; 0.000000000000000000 ; 0.007934570312500000 ;  3.193 
Rust; sieve_of_eratosthenes ; 0.048278808593750000 ; 0.019775390625000000 ; 0.000000000000000000 ; 0.007934570312500000 ;  3.159 
Rust; sieve_of_eratosthenes ; 0.047851562500000000 ; 0.019714355468750000 ; 0.000000000000000000 ; 0.007751464843750000 ;  3.131 
Rust; sieve_of_eratosthenes ; 0.049560546875000000 ; 0.021118164062500000 ; 0.000000000000000000 ; 0.007873535156250000 ;  3.002 
Dart; sieve_of_eratosthenes ; 3.413269042968750000 ; 1.515869140625000000 ; 0.000000000000000000 ; 0.550170898437500000 ;  219.634 
Dart; sieve_of_eratosthenes ; 3.029479980468750000 ; 1.713989257812500000 ; 0.001037597656250000 ; 0.331237792968750000 ;  129.831 
Dart; sieve_of_eratosthenes ; 2.953430175781250000 ; 1.657165527343750000 ; 0.000000000000000000 ; 0.344909667968750000 ;  131.426 
Dart; sieve_of_eratosthenes ; 2.891784667968750000 ; 1.618652343750000000 ; 0.000000000000000000 ; 0.343322753906250000 ;  131.19 
Dart; sieve_of_eratosthenes ; 2.922119140625000000 ; 1.644775390625000000 ; 0.000000000000000000 ; 0.331054687500000000 ;  130 
Dart; sieve_of_eratosthenes ; 2.979614257812500000 ; 1.672485351562500000 ; 0.000000000000000000 ; 0.348571777343750000 ;  132.336 
Dart; sieve_of_eratosthenes ; 2.922058105468750000 ; 1.640869140625000000 ; 0.000000000000000000 ; 0.338684082031250000 ;  130.415 
Dart; sieve_of_eratosthenes ; 3.056457519531250000 ; 1.725585937500000000 ; 0.000000000000000000 ; 0.352844238281250000 ;  131.324 
Dart; sieve_of_eratosthenes ; 2.859741210937500000 ; 1.610717773437500000 ; 0.000000000000000000 ; 0.330932617187500000 ;  128.856 
Dart; sieve_of_eratosthenes ; 2.896606445312500000 ; 1.625793457031250000 ; 0.000000000000000000 ; 0.328369140625000000 ;  128.953 
Dart; sieve_of_eratosthenes ; 2.814819335937500000 ; 1.396850585937500000 ; 0.000000000000000000 ; 0.403503417968750000 ;  156.178 
Dart; sieve_of_eratosthenes ; 2.900146484375000000 ; 1.646423339843750000 ; 0.000000000000000000 ; 0.331481933593750000 ;  129.352 
Dart; sieve_of_eratosthenes ; 2.950378417968750000 ; 1.652221679687500000 ; 0.000000000000000000 ; 0.348510742187500000 ;  131.865 
Dart; sieve_of_eratosthenes ; 2.907714843750000000 ; 1.636962890625000000 ; 0.000000000000000000 ; 0.336242675781250000 ;  129.844 
Dart; sieve_of_eratosthenes ; 2.917175292968750000 ; 1.630432128906250000 ; 0.000000000000000000 ; 0.355834960937500000 ;  132.335 
Dart; sieve_of_eratosthenes ; 2.884887695312500000 ; 1.619262695312500000 ; 0.000000000000000000 ; 0.337585449218750000 ;  130.038 
Dart; sieve_of_eratosthenes ; 2.995178222656250000 ; 1.745361328125000000 ; 0.000000000000000000 ; 0.337524414062500000 ;  130.482 
Dart; sieve_of_eratosthenes ; 2.966735839843750000 ; 1.665832519531250000 ; 0.000000000000000000 ; 0.348144531250000000 ;  130.751 
Dart; sieve_of_eratosthenes ; 2.893310546875000000 ; 1.618286132812500000 ; 0.000000000000000000 ; 0.346374511718750000 ;  130.466 
Dart; sieve_of_eratosthenes ; 2.932189941406250000 ; 1.644104003906250000 ; 0.000000000000000000 ; 0.349243164062500000 ;  131.65 
C++; sieve_of_eratosthenes ; 0.053161621093750000 ; 0.013793945312500000 ; 0.000000000000000000 ; 0.012512207031250000 ;  4.919 
C++; sieve_of_eratosthenes ; 0.056091308593750000 ; 0.014831542968750000 ; 0.000000000000000000 ; 0.012268066406250000 ;  4.724 
C++; sieve_of_eratosthenes ; 0.049255371093750000 ; 0.015930175781250000 ; 0.000000000000000000 ; 0.009765625000000000 ;  3.693 
C++; sieve_of_eratosthenes ; 0.038146972656250000 ; 0.012329101562500000 ; 0.000000000000000000 ; 0.007324218750000000 ;  3.73 
C++; sieve_of_eratosthenes ; 0.052246093750000000 ; 0.019714355468750000 ; 0.000000000000000000 ; 0.009765625000000000 ;  3.258 
C++; sieve_of_eratosthenes ; 0.046691894531250000 ; 0.019042968750000000 ; 0.000000000000000000 ; 0.007324218750000000 ;  3.159 
C++; sieve_of_eratosthenes ; 0.047912597656250000 ; 0.019165039062500000 ; 0.000000000000000000 ; 0.007324218750000000 ;  3.107 
C++; sieve_of_eratosthenes ; 0.048400878906250000 ; 0.019287109375000000 ; 0.000000000000000000 ; 0.007324218750000000 ;  3.024 
C++; sieve_of_eratosthenes ; 0.049438476562500000 ; 0.020629882812500000 ; 0.000000000000000000 ; 0.007385253906250000 ;  2.91 
C++; sieve_of_eratosthenes ; 0.032775878906250000 ; 0.014465332031250000 ; 0.000000000000000000 ; 0.004882812500000000 ;  2.58 
C++; sieve_of_eratosthenes ; 0.053283691406250000 ; 0.011352539062500000 ; 0.000000000000000000 ; 0.014953613281250000 ;  5.956 
C++; sieve_of_eratosthenes ; 0.045288085937500000 ; 0.012451171875000000 ; 0.000000000000000000 ; 0.009948730468750000 ;  4.505 
C++; sieve_of_eratosthenes ; 0.052124023437500000 ; 0.018981933593750000 ; 0.000000000000000000 ; 0.009887695312500000 ;  3.453 
C++; sieve_of_eratosthenes ; 0.040466308593750000 ; 0.014953613281250000 ; 0.000000000000000000 ; 0.007263183593750000 ;  3.276 
C++; sieve_of_eratosthenes ; 0.046447753906250000 ; 0.019531250000000000 ; 0.000000000000000000 ; 0.007324218750000000 ;  2.881 
C++; sieve_of_eratosthenes ; 0.048217773437500000 ; 0.020996093750000000 ; 0.000000000000000000 ; 0.007385253906250000 ;  2.857 
C++; sieve_of_eratosthenes ; 0.031982421875000000 ; 0.013549804687500000 ; 0.000000000000000000 ; 0.004882812500000000 ;  2.875 
C++; sieve_of_eratosthenes ; 0.047241210937500000 ; 0.019897460937500000 ; 0.000000000000000000 ; 0.007324218750000000 ;  2.87 
C++; sieve_of_eratosthenes ; 0.047668457031250000 ; 0.020263671875000000 ; 0.000000000000000000 ; 0.007324218750000000 ;  2.855 
C++; sieve_of_eratosthenes ; 0.047302246093750000 ; 0.020202636718750000 ; 0.000000000000000000 ; 0.007263183593750000 ;  2.829 
Lua; sieve_of_eratosthenes ; 1.040710449218750000 ; 0.466430664062500000 ; 0.000000000000000000 ; 0.182128906250000000 ;  75.538 
Lua; sieve_of_eratosthenes ; 0.903930664062500000 ; 0.595336914062500000 ; 0.000000000000000000 ; 0.080383300781250000 ;  32.62 
Lua; sieve_of_eratosthenes ; 0.927551269531250000 ; 0.625549316406250000 ; 0.000000000000000000 ; 0.077636718750000000 ;  32.092 
Lua; sieve_of_eratosthenes ; 0.925781250000000000 ; 0.625793457031250000 ; 0.000000000000000000 ; 0.075439453125000000 ;  31.061 
Lua; sieve_of_eratosthenes ; 0.914794921875000000 ; 0.620971679687500000 ; 0.000000000000000000 ; 0.075317382812500000 ;  31.201 
Lua; sieve_of_eratosthenes ; 0.922668457031250000 ; 0.624755859375000000 ; 0.000000000000000000 ; 0.075256347656250000 ;  30.941 
Lua; sieve_of_eratosthenes ; 0.936157226562500000 ; 0.636047363281250000 ; 0.000000000000000000 ; 0.075378417968750000 ;  31.204 
Lua; sieve_of_eratosthenes ; 0.932617187500000000 ; 0.634338378906250000 ; 0.000000000000000000 ; 0.075439453125000000 ;  31.087 
Lua; sieve_of_eratosthenes ; 0.944274902343750000 ; 0.639221191406250000 ; 0.000000000000000000 ; 0.077758789062500000 ;  31.557 
Lua; sieve_of_eratosthenes ; 0.932617187500000000 ; 0.633422851562500000 ; 0.000000000000000000 ; 0.075256347656250000 ;  31.305 
Lua; sieve_of_eratosthenes ; 0.878601074218750000 ; 0.299804687500000000 ; 0.000000000000000000 ; 0.182250976562500000 ;  75.543 
Lua; sieve_of_eratosthenes ; 0.941345214843750000 ; 0.592346191406250000 ; 0.000000000000000000 ; 0.092407226562500000 ;  37.303 
Lua; sieve_of_eratosthenes ; 0.884948730468750000 ; 0.599060058593750000 ; 0.000000000000000000 ; 0.072937011718750000 ;  30.898 
Lua; sieve_of_eratosthenes ; 0.966125488281250000 ; 0.651855468750000000 ; 0.000000000000000000 ; 0.080322265625000000 ;  32.267 
Lua; sieve_of_eratosthenes ; 0.932189941406250000 ; 0.628662109375000000 ; 0.000000000000000000 ; 0.077697753906250000 ;  32.785 
Lua; sieve_of_eratosthenes ; 0.948913574218750000 ; 0.641723632812500000 ; 0.000000000000000000 ; 0.077819824218750000 ;  31.448 
Lua; sieve_of_eratosthenes ; 0.959716796875000000 ; 0.647094726562500000 ; 0.000000000000000000 ; 0.077697753906250000 ;  32.506 
Lua; sieve_of_eratosthenes ; 0.980407714843750000 ; 0.665344238281250000 ; 0.000000000000000000 ; 0.080322265625000000 ;  32.987 
Lua; sieve_of_eratosthenes ; 0.953002929687500000 ; 0.647705078125000000 ; 0.000000000000000000 ; 0.077880859375000000 ;  31.577 
Lua; sieve_of_eratosthenes ; 0.937194824218750000 ; 0.634033203125000000 ; 0.000000000000000000 ; 0.077575683593750000 ;  32.859 
PHP; sieve_of_eratosthenes ; 0.531005859375000000 ; 0.123474121093750000 ; 0.000000000000000000 ; 0.140197753906250000 ;  56.348 
PHP; sieve_of_eratosthenes ; 0.415161132812500000 ; 0.241027832031250000 ; 0.000000000000000000 ; 0.048217773437500000 ;  18.281 
PHP; sieve_of_eratosthenes ; 0.421325683593750000 ; 0.247192382812500000 ; 0.000000000000000000 ; 0.048400878906250000 ;  18.128 
PHP; sieve_of_eratosthenes ; 0.451110839843750000 ; 0.265991210937500000 ; 0.000000000000000000 ; 0.048889160156250000 ;  17.725 
PHP; sieve_of_eratosthenes ; 0.398498535156250000 ; 0.236206054687500000 ; 0.000000000000000000 ; 0.045532226562500000 ;  17.634 
PHP; sieve_of_eratosthenes ; 0.456848144531250000 ; 0.269897460937500000 ; 0.000000000000000000 ; 0.049011230468750000 ;  17.643 
PHP; sieve_of_eratosthenes ; 0.440612792968750000 ; 0.259704589843750000 ; 0.000000000000000000 ; 0.048706054687500000 ;  17.788 
PHP; sieve_of_eratosthenes ; 0.461120605468750000 ; 0.272827148437500000 ; 0.000000000000000000 ; 0.048583984375000000 ;  17.788 
PHP; sieve_of_eratosthenes ; 0.435791015625000000 ; 0.260070800781250000 ; 0.000000000000000000 ; 0.045715332031250000 ;  17.702 
PHP; sieve_of_eratosthenes ; 0.433959960937500000 ; 0.254333496093750000 ; 0.000000000000000000 ; 0.049560546875000000 ;  17.554 
PHP; sieve_of_eratosthenes ; 0.470825195312500000 ; 0.098083496093750000 ; 0.000000000000000000 ; 0.134826660156250000 ;  53.831 
PHP; sieve_of_eratosthenes ; 0.425476074218750000 ; 0.239807128906250000 ; 0.000000000000000000 ; 0.053710937500000000 ;  19.439 
PHP; sieve_of_eratosthenes ; 0.432922363281250000 ; 0.254699707031250000 ; 0.000000000000000000 ; 0.050048828125000000 ;  17.963 
PHP; sieve_of_eratosthenes ; 0.414001464843750000 ; 0.246032714843750000 ; 0.000000000000000000 ; 0.047607421875000000 ;  17.815 
PHP; sieve_of_eratosthenes ; 0.439147949218750000 ; 0.258789062500000000 ; 0.000000000000000000 ; 0.048828125000000000 ;  17.688 
PHP; sieve_of_eratosthenes ; 0.441589355468750000 ; 0.260192871093750000 ; 0.000000000000000000 ; 0.049499511718750000 ;  17.84 
PHP; sieve_of_eratosthenes ; 0.435729980468750000 ; 0.256713867187500000 ; 0.000000000000000000 ; 0.050537109375000000 ;  18.361 
PHP; sieve_of_eratosthenes ; 0.441223144531250000 ; 0.260620117187500000 ; 0.000000000000000000 ; 0.048767089843750000 ;  17.67 
PHP; sieve_of_eratosthenes ; 0.443176269531250000 ; 0.262023925781250000 ; 0.000000000000000000 ; 0.048522949218750000 ;  18.159 
PHP; sieve_of_eratosthenes ; 0.442504882812500000 ; 0.261352539062500000 ; 0.000000000000000000 ; 0.049438476562500000 ;  17.878 
