Racket; MergeSort ; 13.157714843750000000 ; 3.717346191406250000 ; 0.000000000000000000 ; 3.046630859375000000 ;  1145.92 
Racket; MergeSort ; 8.290344238281250000 ; 4.453002929687500000 ; 0.000000000000000000 ; 1.216979980468750000 ;  391.678 
Racket; MergeSort ; 8.286315917968750000 ; 4.429016113281250000 ; 0.000000000000000000 ; 1.220947265625000000 ;  392.727 
Racket; MergeSort ; 8.258666992187500000 ; 4.442443847656250000 ; 0.000000000000000000 ; 1.216430664062500000 ;  391.19 
Racket; MergeSort ; 8.228576660156250000 ; 4.404907226562500000 ; 0.000000000000000000 ; 1.216003417968750000 ;  390.858 
Racket; MergeSort ; 8.454101562500000000 ; 4.558898925781250000 ; 0.000000000000000000 ; 1.216308593750000000 ;  391.197 
Racket; MergeSort ; 8.301025390625000000 ; 4.439392089843750000 ; 0.000000000000000000 ; 1.224731445312500000 ;  393.235 
Racket; MergeSort ; 8.246826171875000000 ; 4.427734375000000000 ; 0.000000000000000000 ; 1.215454101562500000 ;  391.599 
Racket; MergeSort ; 8.258972167968750000 ; 4.434570312500000000 ; 0.000000000000000000 ; 1.217956542968750000 ;  391.068 
Racket; MergeSort ; 8.260131835937500000 ; 4.438537597656250000 ; 0.000000000000000000 ; 1.217956542968750000 ;  391.853 
Racket; MergeSort ; 12.620422363281250000 ; 4.250488281250000000 ; 0.000000000000000000 ; 2.668395996093750000 ;  981.51 
Racket; MergeSort ; 8.341674804687500000 ; 4.475952148437500000 ; 0.000000000000000000 ; 1.230041503906250000 ;  393.569 
Racket; MergeSort ; 8.309326171875000000 ; 4.461425781250000000 ; 0.000000000000000000 ; 1.225708007812500000 ;  392.244 
Racket; MergeSort ; 8.348999023437500000 ; 4.486511230468750000 ; 0.000000000000000000 ; 1.228027343750000000 ;  392.263 
Racket; MergeSort ; 8.344604492187500000 ; 4.483703613281250000 ; 0.000000000000000000 ; 1.228149414062500000 ;  392.083 
Racket; MergeSort ; 9.197326660156250000 ; 5.034973144531250000 ; 0.000000000000000000 ; 1.227050781250000000 ;  391.636 
Racket; MergeSort ; 8.449890136718750000 ; 4.547668457031250000 ; 0.000000000000000000 ; 1.227111816406250000 ;  392.182 
Racket; MergeSort ; 8.678894042968750000 ; 4.684753417968750000 ; 0.000000000000000000 ; 1.232604980468750000 ;  394.225 
Racket; MergeSort ; 8.296508789062500000 ; 4.461608886718750000 ; 0.000000000000000000 ; 1.222229003906250000 ;  389.378 
Racket; MergeSort ; 8.340881347656250000 ; 4.488586425781250000 ; 0.000000000000000000 ; 1.221801757812500000 ;  390.551 
Go; MergeSort ; 0.318237304687500000 ; 0.032775878906250000 ; 0.000000000000000000 ; 0.112243652343750000 ;  46.142 
Go; MergeSort ; 0.087219238281250000 ; 0.048095703125000000 ; 0.000000000000000000 ; 0.009948730468750000 ;  3.856 
Go; MergeSort ; 0.089355468750000000 ; 0.049621582031250000 ; 0.000000000000000000 ; 0.009826660156250000 ;  3.727 
Go; MergeSort ; 0.090332031250000000 ; 0.049926757812500000 ; 0.000000000000000000 ; 0.009887695312500000 ;  3.784 
Go; MergeSort ; 0.065429687500000000 ; 0.035949707031250000 ; 0.000000000000000000 ; 0.007263183593750000 ;  3.729 
Go; MergeSort ; 0.089477539062500000 ; 0.049804687500000000 ; 0.000000000000000000 ; 0.009765625000000000 ;  3.75 
Go; MergeSort ; 0.088134765625000000 ; 0.048706054687500000 ; 0.000000000000000000 ; 0.009887695312500000 ;  3.787 
Go; MergeSort ; 0.087158203125000000 ; 0.047851562500000000 ; 0.000000000000000000 ; 0.009826660156250000 ;  3.818 
Go; MergeSort ; 0.089477539062500000 ; 0.049621582031250000 ; 0.000000000000000000 ; 0.009826660156250000 ;  3.737 
Go; MergeSort ; 0.065856933593750000 ; 0.036499023437500000 ; 0.000000000000000000 ; 0.007385253906250000 ;  3.707 
Go; MergeSort ; 0.309814453125000000 ; 0.039550781250000000 ; 0.000000000000000000 ; 0.096130371093750000 ;  39.47 
Go; MergeSort ; 0.089111328125000000 ; 0.041198730468750000 ; 0.000000000000000000 ; 0.012451171875000000 ;  4.769 
Go; MergeSort ; 0.073425292968750000 ; 0.034790039062500000 ; 0.000000000000000000 ; 0.009948730468750000 ;  4.551 
Go; MergeSort ; 0.091857910156250000 ; 0.050537109375000000 ; 0.000000000000000000 ; 0.009948730468750000 ;  3.923 
Go; MergeSort ; 0.096496582031250000 ; 0.053466796875000000 ; 0.000000000000000000 ; 0.010009765625000000 ;  3.927 
Go; MergeSort ; 0.092834472656250000 ; 0.051879882812500000 ; 0.000000000000000000 ; 0.009948730468750000 ;  3.787 
Go; MergeSort ; 0.090209960937500000 ; 0.049804687500000000 ; 0.000000000000000000 ; 0.009948730468750000 ;  3.826 
Go; MergeSort ; 0.095520019531250000 ; 0.053161621093750000 ; 0.000000000000000000 ; 0.009948730468750000 ;  3.874 
Go; MergeSort ; 0.092468261718750000 ; 0.051574707031250000 ; 0.000000000000000000 ; 0.010009765625000000 ;  3.764 
Go; MergeSort ; 0.065795898437500000 ; 0.036315917968750000 ; 0.000000000000000000 ; 0.007385253906250000 ;  3.699 
Ruby; MergeSort ; 1.277832031250000000 ; 0.204040527343750000 ; 0.000000000000000000 ; 0.387268066406250000 ;  159.523 
Ruby; MergeSort ; 0.971252441406250000 ; 0.473632812500000000 ; 0.000000000000000000 ; 0.138183593750000000 ;  56.19 
Ruby; MergeSort ; 0.973693847656250000 ; 0.523071289062500000 ; 0.000000000000000000 ; 0.115966796875000000 ;  47.565 
Ruby; MergeSort ; 1.020996093750000000 ; 0.547119140625000000 ; 0.000000000000000000 ; 0.121459960937500000 ;  48.434 
Ruby; MergeSort ; 0.983276367187500000 ; 0.526184082031250000 ; 0.000000000000000000 ; 0.118530273437500000 ;  48.769 
Ruby; MergeSort ; 0.958801269531250000 ; 0.512756347656250000 ; 0.000000000000000000 ; 0.116149902343750000 ;  47.381 
Ruby; MergeSort ; 0.982604980468750000 ; 0.525817871093750000 ; 0.000000000000000000 ; 0.119018554687500000 ;  47.494 
Ruby; MergeSort ; 1.223937988281250000 ; 0.803649902343750000 ; 0.000000000000000000 ; 0.116210937500000000 ;  47.426 
Ruby; MergeSort ; 0.985351562500000000 ; 0.530578613281250000 ; 0.000000000000000000 ; 0.116333007812500000 ;  47.318 
Ruby; MergeSort ; 0.984436035156250000 ; 0.527282714843750000 ; 0.000000000000000000 ; 0.118957519531250000 ;  47.502 
Ruby; MergeSort ; 1.055419921875000000 ; 0.363647460937500000 ; 0.000000000000000000 ; 0.212280273437500000 ;  86.322 
Ruby; MergeSort ; 1.077392578125000000 ; 0.581359863281250000 ; 0.000000000000000000 ; 0.119750976562500000 ;  48.379 
Ruby; MergeSort ; 0.993041992187500000 ; 0.530151367187500000 ; 0.000000000000000000 ; 0.119628906250000000 ;  48.666 
Ruby; MergeSort ; 0.987854003906250000 ; 0.527404785156250000 ; 0.000000000000000000 ; 0.119873046875000000 ;  48.029 
Ruby; MergeSort ; 0.972229003906250000 ; 0.520507812500000000 ; 0.000000000000000000 ; 0.117309570312500000 ;  47.258 
Ruby; MergeSort ; 0.991760253906250000 ; 0.531005859375000000 ; 0.000000000000000000 ; 0.120300292968750000 ;  47.384 
Ruby; MergeSort ; 0.984252929687500000 ; 0.526367187500000000 ; 0.000000000000000000 ; 0.117309570312500000 ;  47.801 
Ruby; MergeSort ; 1.008117675781250000 ; 0.537963867187500000 ; 0.000000000000000000 ; 0.122924804687500000 ;  48.194 
Ruby; MergeSort ; 0.987915039062500000 ; 0.527221679687500000 ; 0.000000000000000000 ; 0.120178222656250000 ;  48.121 
Ruby; MergeSort ; 0.968872070312500000 ; 0.517578125000000000 ; 0.000000000000000000 ; 0.117431640625000000 ;  47.442 
JavaScript; MergeSort ; 1.347717285156250000 ; 0.395507812500000000 ; 0.000000000000000000 ; 0.312072753906250000 ;  126.109 
JavaScript; MergeSort ; 1.194702148437500000 ; 0.641723632812500000 ; 0.000000000000000000 ; 0.149780273437500000 ;  59.252 
JavaScript; MergeSort ; 1.199523925781250000 ; 0.642822265625000000 ; 0.000000000000000000 ; 0.149658203125000000 ;  59.233 
JavaScript; MergeSort ; 1.193298339843750000 ; 0.638854980468750000 ; 0.000000000000000000 ; 0.149841308593750000 ;  59.213 
JavaScript; MergeSort ; 1.191650390625000000 ; 0.637756347656250000 ; 0.000000000000000000 ; 0.150268554687500000 ;  59.349 
JavaScript; MergeSort ; 1.195495605468750000 ; 0.640686035156250000 ; 0.000000000000000000 ; 0.150451660156250000 ;  59.332 
JavaScript; MergeSort ; 1.227172851562500000 ; 0.657836914062500000 ; 0.000000000000000000 ; 0.153320312500000000 ;  59.569 
JavaScript; MergeSort ; 1.227783203125000000 ; 0.657470703125000000 ; 0.000000000000000000 ; 0.152954101562500000 ;  59.878 
JavaScript; MergeSort ; 1.207031250000000000 ; 0.647827148437500000 ; 0.000000000000000000 ; 0.150146484375000000 ;  59.559 
JavaScript; MergeSort ; 1.195251464843750000 ; 0.640563964843750000 ; 0.000000000000000000 ; 0.150329589843750000 ;  59.542 
JavaScript; MergeSort ; 1.329406738281250000 ; 0.422790527343750000 ; 0.000000000000000000 ; 0.295715332031250000 ;  118.095 
JavaScript; MergeSort ; 1.218383789062500000 ; 0.652221679687500000 ; 0.000000000000000000 ; 0.154174804687500000 ;  59.841 
JavaScript; MergeSort ; 1.207397460937500000 ; 0.647277832031250000 ; 0.000000000000000000 ; 0.151367187500000000 ;  59.683 
JavaScript; MergeSort ; 1.235839843750000000 ; 0.663574218750000000 ; 0.000000000000000000 ; 0.154479980468750000 ;  59.653 
JavaScript; MergeSort ; 1.205322265625000000 ; 0.646118164062500000 ; 0.000000000000000000 ; 0.151367187500000000 ;  59.664 
JavaScript; MergeSort ; 1.227600097656250000 ; 0.658081054687500000 ; 0.000000000000000000 ; 0.154602050781250000 ;  59.571 
JavaScript; MergeSort ; 1.225524902343750000 ; 0.655883789062500000 ; 0.000000000000000000 ; 0.154235839843750000 ;  59.954 
JavaScript; MergeSort ; 1.214660644531250000 ; 0.651489257812500000 ; 0.000000000000000000 ; 0.151367187500000000 ;  59.445 
JavaScript; MergeSort ; 1.227600097656250000 ; 0.658508300781250000 ; 0.000000000000000000 ; 0.154357910156250000 ;  59.792 
JavaScript; MergeSort ; 1.206298828125000000 ; 0.646850585937500000 ; 0.000000000000000000 ; 0.151428222656250000 ;  59.505 
Java; MergeSort ; 1.095886230468750000 ; 0.299133300781250000 ; 0.000000000000000000 ; 0.240722656250000000 ;  95.969 
Java; MergeSort ; 0.843322753906250000 ; 0.456970214843750000 ; 0.000000000000000000 ; 0.104614257812500000 ;  40.487 
Java; MergeSort ; 0.868713378906250000 ; 0.473144531250000000 ; 0.000000000000000000 ; 0.104919433593750000 ;  40.083 
Java; MergeSort ; 0.854858398437500000 ; 0.466003417968750000 ; 0.000000000000000000 ; 0.105712890625000000 ;  39.659 
Java; MergeSort ; 0.855224609375000000 ; 0.467346191406250000 ; 0.000000000000000000 ; 0.104980468750000000 ;  39.987 
Java; MergeSort ; 0.841613769531250000 ; 0.461181640625000000 ; 0.000000000000000000 ; 0.102355957031250000 ;  39.866 
Java; MergeSort ; 0.868896484375000000 ; 0.473876953125000000 ; 0.000000000000000000 ; 0.104858398437500000 ;  39.582 
Java; MergeSort ; 0.852172851562500000 ; 0.463256835937500000 ; 0.000000000000000000 ; 0.105041503906250000 ;  40.121 
Java; MergeSort ; 0.869445800781250000 ; 0.474853515625000000 ; 0.000000000000000000 ; 0.105102539062500000 ;  39.911 
Java; MergeSort ; 0.824890136718750000 ; 0.449157714843750000 ; 0.000000000000000000 ; 0.102600097656250000 ;  39.731 
Java; MergeSort ; 1.242248535156250000 ; 0.323669433593750000 ; 0.000000000000000000 ; 0.291503906250000000 ;  116.237 
Java; MergeSort ; 0.888366699218750000 ; 0.479492187500000000 ; 0.000000000000000000 ; 0.107788085937500000 ;  41.454 
Java; MergeSort ; 0.874267578125000000 ; 0.474182128906250000 ; 0.000000000000000000 ; 0.108337402343750000 ;  40.728 
Java; MergeSort ; 0.907958984375000000 ; 0.517089843750000000 ; 0.000000000000000000 ; 0.105651855468750000 ;  40.272 
Java; MergeSort ; 0.893676757812500000 ; 0.484069824218750000 ; 0.000000000000000000 ; 0.108154296875000000 ;  40.981 
Java; MergeSort ; 0.853088378906250000 ; 0.477233886718750000 ; 0.000000000000000000 ; 0.106689453125000000 ;  39.479 
Java; MergeSort ; 0.864196777343750000 ; 0.469909667968750000 ; 0.000000000000000000 ; 0.105712890625000000 ;  40.53 
Java; MergeSort ; 0.875915527343750000 ; 0.475341796875000000 ; 0.000000000000000000 ; 0.108276367187500000 ;  40.803 
Java; MergeSort ; 0.834106445312500000 ; 0.455749511718750000 ; 0.000000000000000000 ; 0.102905273437500000 ;  39.916 
Java; MergeSort ; 0.853027343750000000 ; 0.463928222656250000 ; 0.000000000000000000 ; 0.106201171875000000 ;  39.363 
Haskell; MergeSort ; 0.603515625000000000 ; 0.191589355468750000 ; 0.000000000000000000 ; 0.147460937500000000 ;  59.682 
Haskell; MergeSort ; 0.377990722656250000 ; 0.208740234375000000 ; 0.000000000000000000 ; 0.050109863281250000 ;  20.021 
Haskell; MergeSort ; 0.372863769531250000 ; 0.216735839843750000 ; 0.000000000000000000 ; 0.044616699218750000 ;  18.409 
Haskell; MergeSort ; 0.392517089843750000 ; 0.237426757812500000 ; 0.000000000000000000 ; 0.042846679687500000 ;  17.537 
Haskell; MergeSort ; 0.755065917968750000 ; 0.484741210937500000 ; 0.000000000000000000 ; 0.074340820312500000 ;  29.878 
Haskell; MergeSort ; 0.418212890625000000 ; 0.276000976562500000 ; 0.000000000000000000 ; 0.038208007812500000 ;  15.185 
Haskell; MergeSort ; 0.437988281250000000 ; 0.294677734375000000 ; 0.000000000000000000 ; 0.038146972656250000 ;  14.484 
Haskell; MergeSort ; 0.421936035156250000 ; 0.286926269531250000 ; 0.000000000000000000 ; 0.035522460937500000 ;  14.695 
Haskell; MergeSort ; 0.451354980468750000 ; 0.306396484375000000 ; 0.000000000000000000 ; 0.038208007812500000 ;  14.808 
Haskell; MergeSort ; 0.446960449218750000 ; 0.302978515625000000 ; 0.000000000000000000 ; 0.038085937500000000 ;  14.817 
Haskell; MergeSort ; 0.587463378906250000 ; 0.211181640625000000 ; 0.000000000000000000 ; 0.131469726562500000 ;  53.264 
Haskell; MergeSort ; 0.436157226562500000 ; 0.293151855468750000 ; 0.000000000000000000 ; 0.038269042968750000 ;  14.538 
Haskell; MergeSort ; 0.421997070312500000 ; 0.287292480468750000 ; 0.000000000000000000 ; 0.035278320312500000 ;  14.473 
Haskell; MergeSort ; 0.450927734375000000 ; 0.306152343750000000 ; 0.000000000000000000 ; 0.038085937500000000 ;  14.639 
Haskell; MergeSort ; 0.449890136718750000 ; 0.305725097656250000 ; 0.000000000000000000 ; 0.038452148437500000 ;  14.673 
Haskell; MergeSort ; 0.427062988281250000 ; 0.291625976562500000 ; 0.000000000000000000 ; 0.035766601562500000 ;  14.687 
Haskell; MergeSort ; 0.450317382812500000 ; 0.304687500000000000 ; 0.000000000000000000 ; 0.038208007812500000 ;  14.631 
Haskell; MergeSort ; 0.419433593750000000 ; 0.286315917968750000 ; 0.000000000000000000 ; 0.035400390625000000 ;  14.548 
Haskell; MergeSort ; 0.444030761718750000 ; 0.301025390625000000 ; 0.000000000000000000 ; 0.038513183593750000 ;  14.899 
Haskell; MergeSort ; 0.450744628906250000 ; 0.306213378906250000 ; 0.000000000000000000 ; 0.038696289062500000 ;  14.958 
Perl; MergeSort ; 1.873291015625000000 ; 0.385986328125000000 ; 0.000000000000000000 ; 0.522399902343750000 ;  214.755 
Perl; MergeSort ; 1.073852539062500000 ; 0.578857421875000000 ; 0.000000000000000000 ; 0.131713867187500000 ;  54.531 
Perl; MergeSort ; 1.096740722656250000 ; 0.606262207031250000 ; 0.000000000000000000 ; 0.126770019531250000 ;  52.528 
Perl; MergeSort ; 1.097229003906250000 ; 0.605834960937500000 ; 0.000000000000000000 ; 0.126953125000000000 ;  52.2 
Perl; MergeSort ; 1.114807128906250000 ; 0.616149902343750000 ; 0.000000000000000000 ; 0.129516601562500000 ;  52.254 
Perl; MergeSort ; 1.097290039062500000 ; 0.608032226562500000 ; 0.000000000000000000 ; 0.126708984375000000 ;  52.393 
Perl; MergeSort ; 1.096496582031250000 ; 0.606506347656250000 ; 0.000000000000000000 ; 0.126831054687500000 ;  52.124 
Perl; MergeSort ; 1.095092773437500000 ; 0.604064941406250000 ; 0.000000000000000000 ; 0.126831054687500000 ;  52.199 
Perl; MergeSort ; 1.096557617187500000 ; 0.605041503906250000 ; 0.000000000000000000 ; 0.126708984375000000 ;  52.219 
Perl; MergeSort ; 1.097656250000000000 ; 0.605163574218750000 ; 0.000000000000000000 ; 0.126770019531250000 ;  52.162 
Perl; MergeSort ; 2.077941894531250000 ; 0.326782226562500000 ; 0.000000000000000000 ; 0.614685058593750000 ;  252.397 
Perl; MergeSort ; 1.085998535156250000 ; 0.573669433593750000 ; 0.000000000000000000 ; 0.137878417968750000 ;  55.982 
Perl; MergeSort ; 1.131408691406250000 ; 0.628723144531250000 ; 0.000000000000000000 ; 0.128051757812500000 ;  52.294 
Perl; MergeSort ; 1.246826171875000000 ; 0.699707031250000000 ; 0.000000000000000000 ; 0.130493164062500000 ;  52.34 
Perl; MergeSort ; 1.219787597656250000 ; 0.685241699218750000 ; 0.000000000000000000 ; 0.127929687500000000 ;  52.468 
Perl; MergeSort ; 1.240905761718750000 ; 0.698059082031250000 ; 0.000000000000000000 ; 0.130249023437500000 ;  53.026 
Perl; MergeSort ; 1.103271484375000000 ; 0.610046386718750000 ; 0.000000000000000000 ; 0.127868652343750000 ;  52.15 
Perl; MergeSort ; 1.108520507812500000 ; 0.613403320312500000 ; 0.000000000000000000 ; 0.128112792968750000 ;  52.066 
Perl; MergeSort ; 1.118408203125000000 ; 0.619506835937500000 ; 0.000000000000000000 ; 0.127990722656250000 ;  52.212 
Perl; MergeSort ; 1.210144042968750000 ; 0.678588867187500000 ; 0.000000000000000000 ; 0.127990722656250000 ;  52.614 
OCaml; MergeSort ; 0.274047851562500000 ; 0.038940429687500000 ; 0.000000000000000000 ; 0.088439941406250000 ;  35.968 
OCaml; MergeSort ; 0.110778808593750000 ; 0.045593261718750000 ; 0.000000000000000000 ; 0.020385742187500000 ;  8.18 
OCaml; MergeSort ; 0.138244628906250000 ; 0.073181152343750000 ; 0.000000000000000000 ; 0.018066406250000000 ;  6.588 
OCaml; MergeSort ; 0.138549804687500000 ; 0.072998046875000000 ; 0.000000000000000000 ; 0.018493652343750000 ;  6.661 
OCaml; MergeSort ; 0.115844726562500000 ; 0.059936523437500000 ; 0.000000000000000000 ; 0.015441894531250000 ;  6.66 
OCaml; MergeSort ; 0.138671875000000000 ; 0.073364257812500000 ; 0.000000000000000000 ; 0.018432617187500000 ;  6.632 
OCaml; MergeSort ; 0.136352539062500000 ; 0.071594238281250000 ; 0.000000000000000000 ; 0.018737792968750000 ;  6.836 
OCaml; MergeSort ; 0.118347167968750000 ; 0.061218261718750000 ; 0.000000000000000000 ; 0.015930175781250000 ;  6.638 
OCaml; MergeSort ; 0.138977050781250000 ; 0.073547363281250000 ; 0.000000000000000000 ; 0.017944335937500000 ;  6.583 
OCaml; MergeSort ; 0.139221191406250000 ; 0.073791503906250000 ; 0.000000000000000000 ; 0.018249511718750000 ;  6.654 
OCaml; MergeSort ; 0.276855468750000000 ; 0.035949707031250000 ; 0.000000000000000000 ; 0.088012695312500000 ;  34.835 
OCaml; MergeSort ; 0.126403808593750000 ; 0.042602539062500000 ; 0.000000000000000000 ; 0.025451660156250000 ;  10.342 
OCaml; MergeSort ; 0.133972167968750000 ; 0.047973632812500000 ; 0.000000000000000000 ; 0.025573730468750000 ;  9.826 
OCaml; MergeSort ; 0.121765136718750000 ; 0.061096191406250000 ; 0.000000000000000000 ; 0.018188476562500000 ;  6.86 
OCaml; MergeSort ; 0.141357421875000000 ; 0.074890136718750000 ; 0.000000000000000000 ; 0.018249511718750000 ;  6.614 
OCaml; MergeSort ; 0.118896484375000000 ; 0.061706542968750000 ; 0.000000000000000000 ; 0.015441894531250000 ;  6.564 
OCaml; MergeSort ; 0.152282714843750000 ; 0.082092285156250000 ; 0.000000000000000000 ; 0.018371582031250000 ;  6.682 
OCaml; MergeSort ; 0.154663085937500000 ; 0.082397460937500000 ; 0.000000000000000000 ; 0.018310546875000000 ;  6.731 
OCaml; MergeSort ; 0.131347656250000000 ; 0.069702148437500000 ; 0.000000000000000000 ; 0.015502929687500000 ;  6.611 
OCaml; MergeSort ; 0.154113769531250000 ; 0.083068847656250000 ; 0.000000000000000000 ; 0.018310546875000000 ;  6.744 
Fortran; MergeSort ; 0.008178710937500000 ; 0.001342773437500000 ; 0.000000000000000000 ; 0.002502441406250000 ;  1.587 
Fortran; MergeSort ; 0.015930175781250000 ; 0.002807617187500000 ; 0.000000000000000000 ; 0.004882812500000000 ;  1.421 
Fortran; MergeSort ; 0.008666992187500000 ; 0.001586914062500000 ; 0.000000000000000000 ; 0.002502441406250000 ;  1.39 
Fortran; MergeSort ; 0.008239746093750000 ; 0.001586914062500000 ; 0.000000000000000000 ; 0.002380371093750000 ;  1.276 
Fortran; MergeSort ; 0.008728027343750000 ; 0.001708984375000000 ; 0.000000000000000000 ; 0.004821777343750000 ;  1.28 
Fortran; MergeSort ; 0.009033203125000000 ; 0.001770019531250000 ; 0.000000000000000000 ; 0.002502441406250000 ;  1.294 
Fortran; MergeSort ; 0.009277343750000000 ; 0.001831054687500000 ; 0.000000000000000000 ; 0.002441406250000000 ;  1.277 
Fortran; MergeSort ; 0.008422851562500000 ; 0.001708984375000000 ; 0.000000000000000000 ; 0.002441406250000000 ;  1.237 
Fortran; MergeSort ; 0.008544921875000000 ; 0.001647949218750000 ; 0.000000000000000000 ; 0.002380371093750000 ;  1.213 
Fortran; MergeSort ; 0.009887695312500000 ; 0.002197265625000000 ; 0.000000000000000000 ; 0.002380371093750000 ;  1.161 
Fortran; MergeSort ; 0.010131835937500000 ; 0.003356933593750000 ; 0.000000000000000000 ; 0.002563476562500000 ;  0.849 
Fortran; MergeSort ; 0.000000000000000000 ; 0.000000000000000000 ; 0.000000000000000000 ; 0.000000000000000000 ;  0.611 
Fortran; MergeSort ; 0.012695312500000000 ; 0.005371093750000000 ; 0.000000000000000000 ; 0.002441406250000000 ;  0.55 
Fortran; MergeSort ; 0.000000000000000000 ; 0.000000000000000000 ; 0.000000000000000000 ; 0.000000000000000000 ;  0.571 
Fortran; MergeSort ; 0.015686035156250000 ; 0.006896972656250000 ; 0.000000000000000000 ; 0.002502441406250000 ;  0.592 
Fortran; MergeSort ; 0.000000000000000000 ; 0.000000000000000000 ; 0.000000000000000000 ; 0.000000000000000000 ;  0.585 
Fortran; MergeSort ; 0.015625000000000000 ; 0.006958007812500000 ; 0.000000000000000000 ; 0.002502441406250000 ;  0.577 
Fortran; MergeSort ; 0.016418457031250000 ; 0.007019042968750000 ; 0.000000000000000000 ; 0.002563476562500000 ;  0.543 
Fortran; MergeSort ; 0.000000000000000000 ; 0.000000000000000000 ; 0.000000000000000000 ; 0.000000000000000000 ;  0.527 
Fortran; MergeSort ; 0.015563964843750000 ; 0.006530761718750000 ; 0.000000000000000000 ; 0.002441406250000000 ;  0.502 
C; mergesort ; 0.016601562500000000 ; 0.002685546875000000 ; 0.000000000000000000 ; 0.004943847656250000 ;  1.527 
C; mergesort ; 0.008056640625000000 ; 0.001464843750000000 ; 0.000000000000000000 ; 0.002502441406250000 ;  1.509 
C; mergesort ; 0.016967773437500000 ; 0.003051757812500000 ; 0.000000000000000000 ; 0.002502441406250000 ;  1.458 
C; mergesort ; 0.008178710937500000 ; 0.001464843750000000 ; 0.000000000000000000 ; 0.002380371093750000 ;  1.348 
C; mergesort ; 0.008605957031250000 ; 0.003479003906250000 ; 0.000000000000000000 ; 0.004882812500000000 ;  1.278 
C; mergesort ; 0.008605957031250000 ; 0.001586914062500000 ; 0.000000000000000000 ; 0.002441406250000000 ;  1.274 
C; mergesort ; 0.009033203125000000 ; 0.001831054687500000 ; 0.000000000000000000 ; 0.002441406250000000 ;  1.19 
C; mergesort ; 0.009277343750000000 ; 0.001892089843750000 ; 0.000000000000000000 ; 0.002441406250000000 ;  1.168 
C; mergesort ; 0.009155273437500000 ; 0.002075195312500000 ; 0.000000000000000000 ; 0.002441406250000000 ;  1.205 
C; mergesort ; 0.009216308593750000 ; 0.001953125000000000 ; 0.000000000000000000 ; 0.002441406250000000 ;  1.115 
C; mergesort ; 0.019592285156250000 ; 0.004455566406250000 ; 0.000000000000000000 ; 0.005065917968750000 ;  1.272 
C; mergesort ; 0.009094238281250000 ; 0.002014160156250000 ; 0.000000000000000000 ; 0.002441406250000000 ;  1.139 
C; mergesort ; 0.009765625000000000 ; 0.002197265625000000 ; 0.000000000000000000 ; 0.002441406250000000 ;  1.113 
C; mergesort ; 0.010070800781250000 ; 0.002746582031250000 ; 0.000000000000000000 ; 0.002502441406250000 ;  0.911 
C; mergesort ; 0.011047363281250000 ; 0.003479003906250000 ; 0.000000000000000000 ; 0.002441406250000000 ;  0.868 
C; mergesort ; 0.000000000000000000 ; 0.000000000000000000 ; 0.000000000000000000 ; 0.000000000000000000 ;  0.877 
C; mergesort ; 0.011840820312500000 ; 0.003601074218750000 ; 0.000000000000000000 ; 0.002502441406250000 ;  0.818 
C; mergesort ; 0.011413574218750000 ; 0.003356933593750000 ; 0.000000000000000000 ; 0.002441406250000000 ;  0.787 
C; mergesort ; 0.011840820312500000 ; 0.003723144531250000 ; 0.000000000000000000 ; 0.002441406250000000 ;  0.826 
C; mergesort ; 0.011413574218750000 ; 0.003356933593750000 ; 0.000000000000000000 ; 0.002502441406250000 ;  0.85 
Pascal; MergeSort ; 0.270996093750000000 ; 0.006530761718750000 ; 0.000000000000000000 ; 0.104125976562500000 ;  43.646 
Pascal; MergeSort ; 0.006286621093750000 ; 0.001281738281250000 ; 0.000000000000000000 ; 0.002502441406250000 ;  0.935 
Pascal; MergeSort ; 0.010131835937500000 ; 0.004150390625000000 ; 0.000000000000000000 ; 0.002502441406250000 ;  0.615 
Pascal; MergeSort ; 0.015930175781250000 ; 0.007507324218750000 ; 0.000000000000000000 ; 0.002502441406250000 ;  0.64 
Pascal; MergeSort ; 0.000000000000000000 ; 0.000000000000000000 ; 0.000000000000000000 ; 0.000000000000000000 ;  0.65 
Pascal; MergeSort ; 0.017028808593750000 ; 0.007934570312500000 ; 0.000000000000000000 ; 0.002441406250000000 ;  0.645 
Pascal; MergeSort ; 0.000000000000000000 ; 0.000000000000000000 ; 0.000000000000000000 ; 0.000000000000000000 ;  0.642 
Pascal; MergeSort ; 0.017272949218750000 ; 0.008361816406250000 ; 0.000000000000000000 ; 0.002441406250000000 ;  0.62 
Pascal; MergeSort ; 0.017456054687500000 ; 0.007934570312500000 ; 0.000000000000000000 ; 0.002441406250000000 ;  0.589 
Pascal; MergeSort ; 0.000000000000000000 ; 0.000000000000000000 ; 0.000000000000000000 ; 0.000000000000000000 ;  0.641 
Pascal; MergeSort ; 0.269714355468750000 ; 0.007812500000000000 ; 0.000000000000000000 ; 0.097839355468750000 ;  39.781 
Pascal; MergeSort ; 0.007751464843750000 ; 0.001953125000000000 ; 0.000000000000000000 ; 0.002441406250000000 ;  1.207 
Pascal; MergeSort ; 0.010253906250000000 ; 0.003662109375000000 ; 0.000000000000000000 ; 0.002502441406250000 ;  0.727 
Pascal; MergeSort ; 0.000000000000000000 ; 0.000000000000000000 ; 0.000000000000000000 ; 0.000000000000000000 ;  0.644 
Pascal; MergeSort ; 0.014587402343750000 ; 0.007141113281250000 ; 0.000000000000000000 ; 0.002502441406250000 ;  0.561 
Pascal; MergeSort ; 0.017761230468750000 ; 0.009521484375000000 ; 0.000000000000000000 ; 0.002441406250000000 ;  0.542 
Pascal; MergeSort ; 0.000000000000000000 ; 0.000000000000000000 ; 0.000000000000000000 ; 0.000000000000000000 ;  0.509 
Pascal; MergeSort ; 0.021606445312500000 ; 0.011840820312500000 ; 0.000000000000000000 ; 0.002502441406250000 ;  0.542 
Pascal; MergeSort ; 0.000000000000000000 ; 0.000000000000000000 ; 0.000000000000000000 ; 0.000000000000000000 ;  0.506 
Pascal; MergeSort ; 0.021118164062500000 ; 0.011535644531250000 ; 0.000000000000000000 ; 0.002441406250000000 ;  0.517 
Ada; MergeSort-Saraiva ; 0.008544921875000000 ; 0.001647949218750000 ; 0.000000000000000000 ; 0.002502441406250000 ;  1.315 
Ada; MergeSort-Saraiva ; 0.017395019531250000 ; 0.003601074218750000 ; 0.000000000000000000 ; 0.004943847656250000 ;  1.238 
Ada; MergeSort-Saraiva ; 0.009155273437500000 ; 0.001831054687500000 ; 0.000000000000000000 ; 0.002441406250000000 ;  1.197 
Ada; MergeSort-Saraiva ; 0.009277343750000000 ; 0.002319335937500000 ; 0.000000000000000000 ; 0.002441406250000000 ;  0.891 
Ada; MergeSort-Saraiva ; 0.010803222656250000 ; 0.003173828125000000 ; 0.000000000000000000 ; 0.002502441406250000 ;  0.929 
Ada; MergeSort-Saraiva ; 0.000000000000000000 ; 0.000000000000000000 ; 0.000000000000000000 ; 0.000000000000000000 ;  0.856 
Ada; MergeSort-Saraiva ; 0.000000000000000000 ; 0.000000000000000000 ; 0.000000000000000000 ; 0.000000000000000000 ;  0.881 
Ada; MergeSort-Saraiva ; 0.010986328125000000 ; 0.002990722656250000 ; 0.000000000000000000 ; 0.002441406250000000 ;  0.823 
Ada; MergeSort-Saraiva ; 0.011108398437500000 ; 0.002990722656250000 ; 0.000000000000000000 ; 0.002380371093750000 ;  0.816 
Ada; MergeSort-Saraiva ; 0.011657714843750000 ; 0.003356933593750000 ; 0.000000000000000000 ; 0.002502441406250000 ;  0.862 
Ada; MergeSort-Saraiva ; 0.016601562500000000 ; 0.002990722656250000 ; 0.000000000000000000 ; 0.004943847656250000 ;  1.658 
Ada; MergeSort-Saraiva ; 0.008300781250000000 ; 0.001586914062500000 ; 0.000000000000000000 ; 0.002441406250000000 ;  1.183 
Ada; MergeSort-Saraiva ; 0.009521484375000000 ; 0.002441406250000000 ; 0.000000000000000000 ; 0.002502441406250000 ;  0.979 
Ada; MergeSort-Saraiva ; 0.011108398437500000 ; 0.003662109375000000 ; 0.000000000000000000 ; 0.002502441406250000 ;  1 
Ada; MergeSort-Saraiva ; 0.011413574218750000 ; 0.004028320312500000 ; 0.000000000000000000 ; 0.002441406250000000 ;  0.979 
Ada; MergeSort-Saraiva ; 0.011718750000000000 ; 0.004150390625000000 ; 0.000000000000000000 ; 0.002441406250000000 ;  0.948 
Ada; MergeSort-Saraiva ; 0.011535644531250000 ; 0.004089355468750000 ; 0.000000000000000000 ; 0.002441406250000000 ;  0.878 
Ada; MergeSort-Saraiva ; 0.011962890625000000 ; 0.004272460937500000 ; 0.000000000000000000 ; 0.002441406250000000 ;  0.946 
Ada; MergeSort-Saraiva ; 0.000000000000000000 ; 0.004089355468750000 ; 0.000000000000000000 ; 0.002441406250000000 ;  0.929 
Ada; MergeSort-Saraiva ; 0.000000000000000000 ; 0.000000000000000000 ; 0.000000000000000000 ; 0.000000000000000000 ;  0.898 
Python; MergeSort ; 1.726867675781250000 ; 0.600891113281250000 ; 0.000000000000000000 ; 0.363159179687500000 ;  145.783 
Python; MergeSort ; 1.612426757812500000 ; 0.862915039062500000 ; 0.000000000000000000 ; 0.203430175781250000 ;  80.254 
Python; MergeSort ; 1.715270996093750000 ; 0.927490234375000000 ; 0.000000000000000000 ; 0.210388183593750000 ;  83.447 
Python; MergeSort ; 1.628051757812500000 ; 0.884765625000000000 ; 0.000000000000000000 ; 0.200866699218750000 ;  79.596 
Python; MergeSort ; 1.729492187500000000 ; 0.934448242187500000 ; 0.000000000000000000 ; 0.213195800781250000 ;  83.643 
Python; MergeSort ; 1.647033691406250000 ; 0.896423339843750000 ; 0.000000000000000000 ; 0.201171875000000000 ;  78.916 
Python; MergeSort ; 1.813964843750000000 ; 1.004028320312500000 ; 0.000000000000000000 ; 0.200622558593750000 ;  79.635 
Python; MergeSort ; 1.692321777343750000 ; 0.919006347656250000 ; 0.000000000000000000 ; 0.205871582031250000 ;  81.486 
Python; MergeSort ; 1.651672363281250000 ; 0.895935058593750000 ; 0.000000000000000000 ; 0.203796386718750000 ;  79.458 
Python; MergeSort ; 1.653381347656250000 ; 0.899963378906250000 ; 0.000000000000000000 ; 0.200927734375000000 ;  79.502 
Python; MergeSort ; 1.790466308593750000 ; 0.666687011718750000 ; 0.000000000000000000 ; 0.354675292968750000 ;  140.868 
Python; MergeSort ; 1.676940917968750000 ; 0.904724121093750000 ; 0.000000000000000000 ; 0.208190917968750000 ;  81.53 
Python; MergeSort ; 1.666687011718750000 ; 0.902587890625000000 ; 0.000000000000000000 ; 0.206359863281250000 ;  79.764 
Python; MergeSort ; 1.647521972656250000 ; 0.894165039062500000 ; 0.000000000000000000 ; 0.203308105468750000 ;  79.703 
Python; MergeSort ; 1.667358398437500000 ; 0.903137207031250000 ; 0.000000000000000000 ; 0.206176757812500000 ;  79.391 
Python; MergeSort ; 1.651428222656250000 ; 0.896240234375000000 ; 0.000000000000000000 ; 0.203125000000000000 ;  79.585 
Python; MergeSort ; 1.713317871093750000 ; 0.925964355468750000 ; 0.000000000000000000 ; 0.210876464843750000 ;  81.833 
Python; MergeSort ; 1.650268554687500000 ; 0.894836425781250000 ; 0.000000000000000000 ; 0.203308105468750000 ;  79.229 
Python; MergeSort ; 1.713073730468750000 ; 0.928771972656250000 ; 0.000000000000000000 ; 0.210510253906250000 ;  82.5 
Python; MergeSort ; 1.669555664062500000 ; 0.904663085937500000 ; 0.000000000000000000 ; 0.205505371093750000 ;  80.338 
Erlang; mergesort ; 2.250976562500000000 ; 1.113769531250000000 ; 0.000000000000000000 ; 0.299865722656250000 ;  119.208 
Erlang; mergesort ; 2.269592285156250000 ; 1.228332519531250000 ; 0.000000000000000000 ; 0.255798339843750000 ;  99.969 
Erlang; mergesort ; 2.276000976562500000 ; 1.232360839843750000 ; 0.000000000000000000 ; 0.255004882812500000 ;  100.437 
Erlang; mergesort ; 2.296752929687500000 ; 1.242919921875000000 ; 0.000000000000000000 ; 0.256408691406250000 ;  100.316 
Erlang; mergesort ; 2.292114257812500000 ; 1.239868164062500000 ; 0.000000000000000000 ; 0.257690429687500000 ;  100.697 
Erlang; mergesort ; 2.263366699218750000 ; 1.227050781250000000 ; 0.000000000000000000 ; 0.254516601562500000 ;  100.22 
Erlang; mergesort ; 2.291809082031250000 ; 1.243103027343750000 ; 0.000000000000000000 ; 0.254638671875000000 ;  100.152 
Erlang; mergesort ; 2.253784179687500000 ; 1.223815917968750000 ; 0.000000000000000000 ; 0.251770019531250000 ;  99.742 
Erlang; mergesort ; 2.263854980468750000 ; 1.227600097656250000 ; 0.000000000000000000 ; 0.254272460937500000 ;  100.563 
Erlang; mergesort ; 2.290161132812500000 ; 1.241638183593750000 ; 0.000000000000000000 ; 0.254516601562500000 ;  100.228 
Erlang; mergesort ; 2.608947753906250000 ; 1.062377929687500000 ; 0.000000000000000000 ; 0.417907714843750000 ;  165.459 
Erlang; mergesort ; 2.289001464843750000 ; 1.238159179687500000 ; 0.000000000000000000 ; 0.257995605468750000 ;  101.117 
Erlang; mergesort ; 2.292114257812500000 ; 1.236267089843750000 ; 0.000000000000000000 ; 0.261047363281250000 ;  101.106 
Erlang; mergesort ; 2.310791015625000000 ; 1.249572753906250000 ; 0.000000000000000000 ; 0.262145996093750000 ;  101.048 
Erlang; mergesort ; 2.300781250000000000 ; 1.247009277343750000 ; 0.000000000000000000 ; 0.260925292968750000 ;  100.345 
Erlang; mergesort ; 2.325256347656250000 ; 1.255859375000000000 ; 0.000000000000000000 ; 0.262573242187500000 ;  100.531 
Erlang; mergesort ; 2.314636230468750000 ; 1.257263183593750000 ; 0.000000000000000000 ; 0.260620117187500000 ;  101.371 
Erlang; mergesort ; 2.300598144531250000 ; 1.244384765625000000 ; 0.000000000000000000 ; 0.260559082031250000 ;  101.54 
Erlang; mergesort ; 2.341491699218750000 ; 1.263549804687500000 ; 0.000000000000000000 ; 0.262329101562500000 ;  100.896 
Erlang; mergesort ; 2.308593750000000000 ; 1.250000000000000000 ; 0.000000000000000000 ; 0.257934570312500000 ;  100.545 
Rust; MergeSort ; 0.137207031250000000 ; 0.014953613281250000 ; 0.000000000000000000 ; 0.047058105468750000 ;  19.862 
Rust; MergeSort ; 0.050842285156250000 ; 0.019409179687500000 ; 0.000000000000000000 ; 0.010620117187500000 ;  3.656 
Rust; MergeSort ; 0.061218261718750000 ; 0.031921386718750000 ; 0.000000000000000000 ; 0.008056640625000000 ;  2.963 
Rust; MergeSort ; 0.062011718750000000 ; 0.032287597656250000 ; 0.000000000000000000 ; 0.008056640625000000 ;  2.89 
Rust; MergeSort ; 0.064453125000000000 ; 0.034057617187500000 ; 0.000000000000000000 ; 0.008117675781250000 ;  2.832 
Rust; MergeSort ; 0.060852050781250000 ; 0.031677246093750000 ; 0.000000000000000000 ; 0.008117675781250000 ;  3.188 
Rust; MergeSort ; 0.061828613281250000 ; 0.032409667968750000 ; 0.000000000000000000 ; 0.008178710937500000 ;  2.953 
Rust; MergeSort ; 0.063476562500000000 ; 0.033081054687500000 ; 0.000000000000000000 ; 0.008117675781250000 ;  2.911 
Rust; MergeSort ; 0.063842773437500000 ; 0.033569335937500000 ; 0.000000000000000000 ; 0.008056640625000000 ;  2.929 
Rust; MergeSort ; 0.064147949218750000 ; 0.034118652343750000 ; 0.000000000000000000 ; 0.008239746093750000 ;  2.924 
Rust; MergeSort ; 0.289306640625000000 ; 0.019042968750000000 ; 0.000000000000000000 ; 0.103698730468750000 ;  42.072 
Rust; MergeSort ; 0.053466796875000000 ; 0.014038085937500000 ; 0.000000000000000000 ; 0.013183593750000000 ;  5.183 
Rust; MergeSort ; 0.050903320312500000 ; 0.024719238281250000 ; 0.000000000000000000 ; 0.008178710937500000 ;  3.012 
Rust; MergeSort ; 0.058654785156250000 ; 0.030334472656250000 ; 0.000000000000000000 ; 0.008178710937500000 ;  2.837 
Rust; MergeSort ; 0.062316894531250000 ; 0.032897949218750000 ; 0.000000000000000000 ; 0.008239746093750000 ;  2.954 
Rust; MergeSort ; 0.064270019531250000 ; 0.033752441406250000 ; 0.000000000000000000 ; 0.008239746093750000 ;  2.823 
Rust; MergeSort ; 0.044067382812500000 ; 0.022644042968750000 ; 0.000000000000000000 ; 0.005432128906250000 ;  2.816 
Rust; MergeSort ; 0.063415527343750000 ; 0.033691406250000000 ; 0.000000000000000000 ; 0.007812500000000000 ;  2.849 
Rust; MergeSort ; 0.055908203125000000 ; 0.028686523437500000 ; 0.000000000000000000 ; 0.007812500000000000 ;  2.961 
Rust; MergeSort ; 0.055786132812500000 ; 0.028564453125000000 ; 0.000000000000000000 ; 0.007934570312500000 ;  2.954 
Dart; MergeSort ; 1.843933105468750000 ; 0.554321289062500000 ; 0.000000000000000000 ; 0.420104980468750000 ;  170.228 
Dart; MergeSort ; 1.607177734375000000 ; 0.884399414062500000 ; 0.000000000000000000 ; 0.192993164062500000 ;  76.231 
Dart; MergeSort ; 1.593200683593750000 ; 0.878234863281250000 ; 0.000000000000000000 ; 0.189941406250000000 ;  75.759 
Dart; MergeSort ; 1.630920410156250000 ; 0.904052734375000000 ; 0.000000000000000000 ; 0.195495605468750000 ;  76.697 
Dart; MergeSort ; 1.608459472656250000 ; 0.885742187500000000 ; 0.000000000000000000 ; 0.193908691406250000 ;  75.881 
Dart; MergeSort ; 1.622436523437500000 ; 0.894287109375000000 ; 0.000000000000000000 ; 0.192749023437500000 ;  76.187 
Dart; MergeSort ; 1.621765136718750000 ; 0.894775390625000000 ; 0.000000000000000000 ; 0.192626953125000000 ;  76.538 
Dart; MergeSort ; 1.643737792968750000 ; 0.907104492187500000 ; 0.000000000000000000 ; 0.196228027343750000 ;  76.907 
Dart; MergeSort ; 1.607116699218750000 ; 0.886840820312500000 ; 0.000000000000000000 ; 0.193664550781250000 ;  75.92 
Dart; MergeSort ; 1.606506347656250000 ; 0.886962890625000000 ; 0.000000000000000000 ; 0.193054199218750000 ;  76.506 
Dart; MergeSort ; 1.675842285156250000 ; 0.677917480468750000 ; 0.000000000000000000 ; 0.302185058593750000 ;  120.015 
Dart; MergeSort ; 1.672973632812500000 ; 0.919860839843750000 ; 0.000000000000000000 ; 0.200256347656250000 ;  77.676 
Dart; MergeSort ; 1.619201660156250000 ; 0.892150878906250000 ; 0.000000000000000000 ; 0.194030761718750000 ;  76.512 
Dart; MergeSort ; 1.649475097656250000 ; 0.909301757812500000 ; 0.000000000000000000 ; 0.197753906250000000 ;  76.902 
Dart; MergeSort ; 1.596862792968750000 ; 0.880676269531250000 ; 0.000000000000000000 ; 0.192016601562500000 ;  75.782 
Dart; MergeSort ; 1.629028320312500000 ; 0.895935058593750000 ; 0.000000000000000000 ; 0.197082519531250000 ;  76.563 
Dart; MergeSort ; 1.629394531250000000 ; 0.906372070312500000 ; 0.000000000000000000 ; 0.194885253906250000 ;  76.792 
Dart; MergeSort ; 1.671691894531250000 ; 0.921447753906250000 ; 0.000000000000000000 ; 0.197753906250000000 ;  77.026 
Dart; MergeSort ; 1.714599609375000000 ; 0.949218750000000000 ; 0.000000000000000000 ; 0.197631835937500000 ;  76.884 
Dart; MergeSort ; 1.615112304687500000 ; 0.891479492187500000 ; 0.000000000000000000 ; 0.195251464843750000 ;  76.214 
C++; sorting-algorithms-merge-sort ; 0.007446289062500000 ; 0.001098632812500000 ; 0.000000000000000000 ; 0.002441406250000000 ;  1.793 
C++; sorting-algorithms-merge-sort ; 0.015075683593750000 ; 0.002197265625000000 ; 0.000000000000000000 ; 0.004882812500000000 ;  1.67 
C++; sorting-algorithms-merge-sort ; 0.015380859375000000 ; 0.002441406250000000 ; 0.000000000000000000 ; 0.004943847656250000 ;  1.628 
C++; sorting-algorithms-merge-sort ; 0.007690429687500000 ; 0.001220703125000000 ; 0.000000000000000000 ; 0.002380371093750000 ;  1.527 
C++; sorting-algorithms-merge-sort ; 0.015747070312500000 ; 0.002624511718750000 ; 0.000000000000000000 ; 0.004882812500000000 ;  1.451 
C++; sorting-algorithms-merge-sort ; 0.007751464843750000 ; 0.001220703125000000 ; 0.000000000000000000 ; 0.002441406250000000 ;  1.418 
C++; sorting-algorithms-merge-sort ; 0.007751464843750000 ; 0.001403808593750000 ; 0.000000000000000000 ; 0.002502441406250000 ;  1.354 
C++; sorting-algorithms-merge-sort ; 0.016418457031250000 ; 0.002746582031250000 ; 0.000000000000000000 ; 0.002441406250000000 ;  1.371 
C++; sorting-algorithms-merge-sort ; 0.007690429687500000 ; 0.001342773437500000 ; 0.000000000000000000 ; 0.002380371093750000 ;  1.393 
C++; sorting-algorithms-merge-sort ; 0.016723632812500000 ; 0.002868652343750000 ; 0.000000000000000000 ; 0.004882812500000000 ;  1.467 
C++; sorting-algorithms-merge-sort ; 0.007446289062500000 ; 0.001098632812500000 ; 0.000000000000000000 ; 0.002502441406250000 ;  1.695 
C++; sorting-algorithms-merge-sort ; 0.016174316406250000 ; 0.002502441406250000 ; 0.000000000000000000 ; 0.004943847656250000 ;  1.636 
C++; sorting-algorithms-merge-sort ; 0.016174316406250000 ; 0.002441406250000000 ; 0.000000000000000000 ; 0.004882812500000000 ;  1.582 
C++; sorting-algorithms-merge-sort ; 0.008178710937500000 ; 0.001403808593750000 ; 0.000000000000000000 ; 0.002441406250000000 ;  1.467 
C++; sorting-algorithms-merge-sort ; 0.008483886718750000 ; 0.001464843750000000 ; 0.000000000000000000 ; 0.002502441406250000 ;  1.445 
C++; sorting-algorithms-merge-sort ; 0.008483886718750000 ; 0.001403808593750000 ; 0.000000000000000000 ; 0.002502441406250000 ;  1.432 
C++; sorting-algorithms-merge-sort ; 0.008483886718750000 ; 0.001831054687500000 ; 0.000000000000000000 ; 0.002441406250000000 ;  1.34 
C++; sorting-algorithms-merge-sort ; 0.018310546875000000 ; 0.003723144531250000 ; 0.000000000000000000 ; 0.004943847656250000 ;  1.36 
C++; sorting-algorithms-merge-sort ; 0.009094238281250000 ; 0.001831054687500000 ; 0.000000000000000000 ; 0.002441406250000000 ;  1.208 
C++; sorting-algorithms-merge-sort ; 0.009155273437500000 ; 0.001892089843750000 ; 0.000000000000000000 ; 0.002441406250000000 ;  1.243 
Lua; MergeSort ; 1.150024414062500000 ; 0.274230957031250000 ; 0.000000000000000000 ; 0.294494628906250000 ;  120.988 
Lua; MergeSort ; 0.979248046875000000 ; 0.530456542968750000 ; 0.000000000000000000 ; 0.117858886718750000 ;  48.972 
Lua; MergeSort ; 1.022277832031250000 ; 0.557006835937500000 ; 0.000000000000000000 ; 0.120178222656250000 ;  48.635 
Lua; MergeSort ; 0.998046875000000000 ; 0.541992187500000000 ; 0.000000000000000000 ; 0.117919921875000000 ;  48.214 
Lua; MergeSort ; 0.997192382812500000 ; 0.542541503906250000 ; 0.000000000000000000 ; 0.117919921875000000 ;  48.15 
Lua; MergeSort ; 0.998596191406250000 ; 0.544311523437500000 ; 0.000000000000000000 ; 0.117858886718750000 ;  48.389 
Lua; MergeSort ; 0.983215332031250000 ; 0.533691406250000000 ; 0.000000000000000000 ; 0.117797851562500000 ;  48.05 
Lua; MergeSort ; 1.027709960937500000 ; 0.562133789062500000 ; 0.000000000000000000 ; 0.120605468750000000 ;  48.348 
Lua; MergeSort ; 0.981140136718750000 ; 0.532653808593750000 ; 0.000000000000000000 ; 0.117797851562500000 ;  48.293 
Lua; MergeSort ; 0.986511230468750000 ; 0.534912109375000000 ; 0.000000000000000000 ; 0.118041992187500000 ;  47.912 
Lua; MergeSort ; 1.156494140625000000 ; 0.291320800781250000 ; 0.000000000000000000 ; 0.287292480468750000 ;  117.268 
Lua; MergeSort ; 0.996398925781250000 ; 0.530822753906250000 ; 0.000000000000000000 ; 0.124145507812500000 ;  49.587 
Lua; MergeSort ; 0.992614746093750000 ; 0.540466308593750000 ; 0.000000000000000000 ; 0.118896484375000000 ;  48.172 
Lua; MergeSort ; 0.986816406250000000 ; 0.535400390625000000 ; 0.000000000000000000 ; 0.119079589843750000 ;  47.85 
Lua; MergeSort ; 1.004211425781250000 ; 0.546630859375000000 ; 0.000000000000000000 ; 0.119018554687500000 ;  48.333 
Lua; MergeSort ; 0.990722656250000000 ; 0.538452148437500000 ; 0.000000000000000000 ; 0.119018554687500000 ;  48.107 
Lua; MergeSort ; 0.990051269531250000 ; 0.538269042968750000 ; 0.000000000000000000 ; 0.119140625000000000 ;  47.9 
Lua; MergeSort ; 1.001403808593750000 ; 0.544311523437500000 ; 0.000000000000000000 ; 0.119201660156250000 ;  48.059 
Lua; MergeSort ; 0.997924804687500000 ; 0.542297363281250000 ; 0.000000000000000000 ; 0.119018554687500000 ;  48.255 
Lua; MergeSort ; 0.993103027343750000 ; 0.540161132812500000 ; 0.000000000000000000 ; 0.119140625000000000 ;  48.163 
PHP; MergeSort ; 4.839294433593750000 ; 1.990417480468750000 ; 0.000000000000000000 ; 0.858032226562500000 ;  354.096 
PHP; MergeSort ; 4.538757324218750000 ; 2.233398437500000000 ; 0.000000000000000000 ; 0.637512207031250000 ;  262.788 
PHP; MergeSort ; 4.572570800781250000 ; 2.360107421875000000 ; 0.000000000000000000 ; 0.596435546875000000 ;  245.898 
PHP; MergeSort ; 4.705078125000000000 ; 2.477478027343750000 ; 0.000000000000000000 ; 0.598754882812500000 ;  247.1 
PHP; MergeSort ; 5.061096191406250000 ; 2.663879394531250000 ; 0.000000000000000000 ; 0.599426269531250000 ;  246.103 
PHP; MergeSort ; 5.087402343750000000 ; 2.684509277343750000 ; 0.000000000000000000 ; 0.598754882812500000 ;  246.894 
PHP; MergeSort ; 4.587097167968750000 ; 2.365844726562500000 ; 0.000000000000000000 ; 0.596496582031250000 ;  245.885 
PHP; MergeSort ; 4.564208984375000000 ; 2.354370117187500000 ; 0.000000000000000000 ; 0.596740722656250000 ;  245.663 
PHP; MergeSort ; 4.581054687500000000 ; 2.363281250000000000 ; 0.000000000000000000 ; 0.596374511718750000 ;  245.489 
PHP; MergeSort ; 5.104797363281250000 ; 2.691101074218750000 ; 0.000000000000000000 ; 0.596557617187500000 ;  245.718 
PHP; MergeSort ; 5.503417968750000000 ; 1.938415527343750000 ; 0.000000000000000000 ; 1.132568359375000000 ;  463.512 
PHP; MergeSort ; 4.588256835937500000 ; 2.365722656250000000 ; 0.000000000000000000 ; 0.601501464843750000 ;  245.922 
PHP; MergeSort ; 4.641113281250000000 ; 2.391174316406250000 ; 0.000000000000000000 ; 0.604370117187500000 ;  246.086 
PHP; MergeSort ; 4.619201660156250000 ; 2.378906250000000000 ; 0.000000000000000000 ; 0.601867675781250000 ;  245.254 
PHP; MergeSort ; 4.616882324218750000 ; 2.378112792968750000 ; 0.000000000000000000 ; 0.601623535156250000 ;  245.949 
PHP; MergeSort ; 4.606018066406250000 ; 2.371948242187500000 ; 0.000000000000000000 ; 0.601928710937500000 ;  245.124 
PHP; MergeSort ; 4.631591796875000000 ; 2.384582519531250000 ; 0.000000000000000000 ; 0.601562500000000000 ;  246.029 
PHP; MergeSort ; 4.612670898437500000 ; 2.379577636718750000 ; 0.000000000000000000 ; 0.601623535156250000 ;  245.596 
PHP; MergeSort ; 4.644104003906250000 ; 2.390686035156250000 ; 0.000000000000000000 ; 0.604553222656250000 ;  246.05 
PHP; MergeSort ; 4.640625000000000000 ; 2.392700195312500000 ; 0.000000000000000000 ; 0.601562500000000000 ;  245.957 
